,0
0,0.03
1,0.01
2,0.03
3,0.01
4,0.03
5,0.01
6,0.03
7,0.01
8,0.03
9,0.03
10,0.01
11,0.03
12,0.01
13,0.01
14,0.01
15,0.01
16,0.03
17,0.05
18,0.03
19,0.03
20,0.03
21,0.03
22,0.01
23,0.01
24,0.01
25,0.01
26,0.03
27,0.03
28,0.01
29,0.01
30,0.03
31,0.05
32,0.03
33,0.05
34,0.03
35,0.05
36,0.01
37,0.01
38,0.01
39,0.01
40,0.07
41,0.01
42,0.01
43,0.03
44,0.05
45,0.03
46,0.01
47,0.01
48,0.03
49,0.03
50,0.03
51,0.03
52,0.03
53,0.01
54,0.03
55,0.05
56,0.05
57,0.03
58,0.01
59,0.03
60,0.01
61,0.01
62,0.03
63,0.01
64,0.05
65,0.01
66,0.03
67,0.01
68,0.03
69,0.03
70,0.03
71,0.01
72,0.05
73,0.01
74,0.01
75,0.03
76,0.03
77,0.05
78,0.03
79,0.03
80,0.07
81,0.05
82,0.01
83,0.01
84,0.01
85,0.01
86,0.03
87,0.05
88,0.01
89,0.01
90,0.05
91,0.03
92,0.05
93,
94,0.07
95,0.01
96,0.01
97,0.01
98,0.03
99,0.01
100,0.03
101,0.05
102,0.01
103,0.05
104,0.07
105,0.05
106,0.01
107,0.03
108,0.01
109,0.01
110,0.01
111,0.03
112,0.01
113,0.01
114,0.03
115,0.01
116,0.03
117,0.01
118,0.03
119,0.03
120,0.03
121,0.03
122,0.01
123,0.03
124,0.01
125,0.03
126,0.03
127,0.01
128,0.07
129,0.03
130,0.01
131,0.03
132,0.03
133,0.01
134,0.03
135,0.01
136,0.01
137,0.01
138,0.03
139,0.01
140,0.01
141,0.01
142,0.01
143,0.03
144,0.03
145,0.05
146,0.03
147,0.03
148,0.03
149,0.01
150,0.03
151,0.03
152,0.07
153,0.05
154,0.05
155,0.03
156,0.01
157,0.03
158,0.03
159,0.05
160,0.03
161,0.01
162,0.03
163,0.01
164,0.03
165,0.03
166,0.01
167,0.01
168,0.01
169,0.01
170,0.03
171,0.01
172,0.03
173,0.03
174,0.03
175,0.01
176,0.03
177,0.03
178,0.01
179,0.03
180,0.03
181,0.03
182,0.01
183,0.05
184,0.05
185,0.01
186,0.01
187,0.03
188,0.01
189,0.03
190,0.01
191,0.01
192,0.01
193,0.01
194,0.03
195,0.03
196,0.03
197,0.01
198,0.03
199,0.03
200,0.05
201,0.07
202,0.01
203,0.03
204,0.03
205,0.01
206,0.01
207,0.01
208,0.07
209,0.01
210,0.01
211,0.03
212,0.03
213,
214,0.03
215,0.01
216,0.03
217,0.03
218,0.01
219,0.03
220,0.03
221,0.01
222,0.03
223,0.01
224,0.03
225,0.01
226,0.03
227,0.01
228,0.03
229,0.01
230,0.01
231,0.03
232,0.03
233,0.03
234,0.01
235,0.01
236,0.01
237,0.05
238,0.01
239,0.01
240,0.01
241,0.01
242,0.01
243,0.03
244,0.03
245,0.03
246,0.03
247,0.01
248,0.03
249,0.01
250,0.01
251,0.01
252,0.03
253,0.03
254,0.01
255,0.01
256,0.03
257,0.01
258,0.03
259,0.01
260,0.03
261,0.01
262,0.01
263,0.03
264,0.01
265,0.01
266,0.03
267,0.01
268,0.01
269,0.01
270,0.01
271,0.03
272,0.05
273,0.03
274,0.05
275,0.01
276,0.03
277,0.01
278,0.01
279,0.01
280,0.05
281,
282,
283,0.05
284,0.03
285,0.03
286,0.03
287,0.03
288,0.03
289,0.05
290,0.03
291,0.03
292,0.01
293,0.01
294,0.03
295,0.05
296,0.07
297,0.05
298,0.05
299,0.03
300,0.03
301,0.05
302,0.03
303,0.01
304,0.01
305,0.03
306,0.01
307,0.03
308,0.03
309,0.03
310,0.01
311,0.03
312,0.03
313,0.01
314,0.03
315,0.01
316,0.03
317,0.01
318,0.03
319,0.03
320,0.01
321,
322,0.07
323,0.03
324,0.01
325,0.01
326,0.01
327,0.03
328,0.01
329,0.01
330,0.03
331,0.03
332,0.05
333,0.01
334,0.01
335,0.01
336,0.01
337,0.01
338,0.03
339,0.01
340,0.03
341,0.03
342,0.03
343,0.01
344,0.01
345,0.03
346,0.01
347,0.01
348,0.03
349,0.01
350,0.01
351,0.05
352,0.03
353,0.03
354,0.01
355,0.01
356,0.03
357,0.01
358,0.03
359,0.03
360,0.01
361,0.03
362,0.03
363,0.03
364,0.01
365,0.01
366,0.03
367,0.01
368,0.01
369,0.05
370,0.03
371,0.03
372,0.01
373,0.01
374,0.03
375,0.03
376,0.07
377,0.01
378,0.01
379,0.01
380,0.01
381,0.05
382,0.01
383,0.01
384,0.03
385,0.01
386,0.01
387,0.03
388,0.01
389,0.03
390,0.01
391,0.01
392,0.01
393,0.05
394,0.03
395,0.01
396,0.03
397,0.01
398,0.03
399,0.01
400,0.03
401,0.03
402,0.01
403,0.03
404,0.01
405,0.03
406,0.03
407,0.01
408,0.01
409,0.03
410,0.01
411,0.01
412,0.03
413,0.03
414,0.01
415,0.01
416,0.01
417,0.03
418,0.03
419,0.01
420,0.05
421,0.03
422,0.01
423,0.01
424,0.01
425,0.01
426,0.01
427,0.01
428,0.01
429,0.03
430,0.01
431,0.01
432,0.01
433,0.01
434,0.01
435,0.01
436,0.03
437,0.01
438,0.01
439,0.03
440,0.03
441,0.05
442,0.05
443,0.01
444,0.03
445,0.03
446,0.03
447,0.01
448,0.01
449,0.01
450,0.03
451,0.03
452,0.01
453,0.01
454,0.01
455,0.01
456,0.01
457,0.03
458,0.01
459,0.01
460,0.01
461,0.01
462,0.03
463,0.01
464,0.01
465,0.03
466,0.05
467,0.03
468,0.01
469,0.03
470,0.01
471,0.03
472,0.01
473,0.03
474,0.03
475,0.03
476,0.01
477,0.03
478,0.01
479,0.03
480,0.01
481,0.01
482,0.03
483,0.03
484,0.03
485,0.01
486,0.01
487,0.01
488,0.03
489,0.07
490,0.01
491,0.03
492,0.03
493,0.01
494,0.03
495,0.01
496,0.03
497,0.03
498,0.03
499,0.01
500,0.01
501,0.01
502,0.01
503,0.01
504,0.01
505,0.01
506,0.01
507,0.01
508,0.03
509,0.03
510,0.03
511,0.03
512,0.03
513,
514,0.03
515,0.03
516,0.03
517,0.01
518,0.01
519,0.05
520,0.05
521,0.01
522,0.01
523,0.03
524,0.01
525,0.03
526,0.03
527,0.03
528,0.01
529,0.01
530,0.03
531,0.01
532,0.01
533,0.01
534,0.01
535,0.03
536,0.01
537,0.03
538,0.03
539,0.03
540,0.03
541,0.01
542,0.01
543,0.01
544,0.07
545,0.03
546,0.01
547,0.01
548,0.03
549,0.05
550,0.01
551,0.01
552,0.01
553,0.01
554,0.01
555,0.03
556,0.01
557,0.01
558,0.01
559,0.03
560,0.03
561,0.03
562,0.01
563,0.01
564,0.01
565,0.01
566,0.01
567,0.03
568,0.01
569,0.01
570,0.03
571,0.03
572,0.01
573,0.01
574,0.01
575,0.01
576,0.01
577,0.03
578,0.03
579,0.03
580,0.01
581,0.01
582,0.01
583,0.01
584,0.05
585,0.03
586,0.03
587,0.01
588,0.05
589,0.05
590,0.01
591,0.03
592,0.03
593,0.03
594,0.03
595,0.03
596,0.05
597,0.03
598,0.03
599,0.03
600,0.01
601,0.03
602,0.01
603,0.03
604,0.01
605,0.01
606,0.01
607,0.01
608,0.03
609,0.05
610,0.03
611,0.05
612,0.03
613,0.03
614,0.05
615,0.01
616,0.01
617,0.01
618,0.01
619,0.01
620,0.03
621,0.03
622,0.03
623,0.03
624,0.03
625,0.03
626,0.03
627,0.03
628,0.01
629,0.03
630,0.05
631,0.01
632,0.03
633,0.07
634,0.07
635,0.05
636,0.05
637,0.03
638,0.03
639,0.01
640,0.01
641,0.01
642,0.03
643,0.03
644,0.03
645,0.03
646,0.03
647,0.03
648,0.01
649,0.01
650,0.03
651,0.01
652,0.05
653,0.03
654,0.03
655,0.03
656,0.03
657,
658,
659,0.05
660,0.01
661,0.03
662,0.01
663,0.03
664,0.03
665,0.01
666,0.03
667,0.03
668,0.01
669,0.01
670,0.01
671,0.01
672,0.01
673,0.03
674,0.03
675,0.03
676,0.01
677,0.01
678,0.03
679,0.01
680,0.03
681,0.07
682,0.01
683,0.05
684,0.01
685,0.03
686,0.01
687,0.03
688,0.05
689,0.03
690,0.03
691,0.03
692,0.03
693,0.03
694,0.01
695,0.01
696,0.01
697,0.03
698,0.03
699,0.01
700,0.03
701,0.01
702,0.01
703,0.03
704,0.03
705,0.01
706,0.01
707,0.05
708,0.03
709,0.03
710,0.03
711,0.05
712,0.03
713,0.07
714,0.01
715,0.01
716,0.03
717,0.05
718,0.01
719,0.01
720,0.01
721,0.01
722,0.03
723,0.01
724,0.01
725,0.03
726,0.01
727,0.01
728,0.03
729,0.03
730,0.03
731,0.01
732,0.01
733,0.01
734,0.01
735,0.01
736,0.01
737,0.01
738,0.05
739,0.01
740,0.07
741,0.03
742,0.03
743,0.01
744,0.01
745,0.01
746,0.03
747,0.01
748,0.01
749,0.01
750,0.03
751,0.01
752,0.03
753,0.03
754,0.03
755,0.01
756,0.03
757,0.01
758,0.03
759,0.03
760,0.03
761,0.03
762,0.03
763,0.03
764,0.03
765,0.01
766,0.03
767,0.03
768,0.03
769,0.03
770,0.03
771,0.05
772,0.01
773,0.01
774,0.03
775,0.01
776,0.03
777,0.05
778,0.03
779,0.03
780,0.01
781,0.01
782,0.01
783,0.01
784,0.03
785,0.03
786,0.05
787,0.05
788,0.03
789,0.01
790,0.03
791,0.01
792,0.03
793,0.03
794,0.01
795,0.03
796,0.03
797,0.03
798,0.05
799,0.05
800,0.01
801,0.01
802,0.03
803,0.03
804,0.05
805,0.01
806,0.01
807,0.03
808,0.01
809,0.03
810,0.03
811,0.01
812,0.01
813,0.01
814,0.03
815,0.01
816,0.03
817,0.01
818,0.03
819,0.01
820,0.01
821,0.03
822,0.03
823,0.03
824,0.03
825,0.07
826,0.05
827,0.03
828,0.07
829,0.01
830,0.01
831,0.05
832,0.03
833,0.01
834,0.05
835,0.03
836,0.03
837,0.01
838,0.01
839,0.01
840,0.03
841,0.01
842,0.01
843,0.03
844,0.03
845,0.03
846,0.01
847,0.01
848,0.03
849,0.07
850,0.03
851,0.03
852,0.01
853,0.03
854,0.03
855,0.05
856,0.05
857,0.03
858,0.01
859,0.01
860,0.03
861,0.01
862,0.01
863,0.01
864,0.01
865,0.01
866,0.01
867,0.01
868,0.03
869,0.01
870,0.01
871,0.01
872,0.03
873,0.05
874,0.01
875,0.03
876,0.03
877,0.01
878,0.01
879,0.01
880,0.07
881,0.03
882,0.03
883,0.03
884,0.01
885,0.01
886,0.01
887,0.01
888,0.01
889,0.03
890,0.03
891,0.03
892,0.03
893,0.01
894,0.03
895,0.03
896,0.01
897,0.05
898,0.01
899,0.01
900,0.01
901,0.01
902,0.01
903,0.03
904,0.03
905,0.05
906,0.01
907,0.05
908,0.03
909,0.01
910,0.01
911,0.03
912,0.03
913,0.03
914,0.01
915,0.01
916,0.03
917,0.01
918,0.03
919,0.03
920,0.01
921,0.03
922,0.01
923,0.03
924,0.03
925,0.01
926,0.01
927,0.03
928,0.03
929,0.05
930,0.07
931,0.05
932,0.03
933,0.01
934,0.01
935,0.03
936,0.03
937,0.01
938,0.05
939,0.03
940,0.01
941,0.03
942,0.05
943,0.01
944,0.05
945,0.05
946,0.03
947,0.03
948,0.03
949,0.03
950,0.03
951,0.07
952,0.03
953,0.05
954,0.05
955,0.01
956,0.01
957,0.01
958,0.01
959,0.01
960,0.01
961,0.03
962,0.01
963,0.01
964,0.01
965,0.01
966,0.05
967,0.01
968,0.01
969,0.05
970,0.05
971,0.03
972,0.01
973,0.01
974,0.03
975,0.01
976,0.01
977,0.03
978,0.03
979,0.03
980,0.03
981,0.01
982,0.01
983,0.01
984,0.03
985,0.01
986,0.03
987,0.01
988,0.03
989,0.01
990,0.05
991,0.03
992,0.03
993,0.07
994,0.05
995,0.01
996,0.03
997,0.03
998,0.05
999,0.03
1000,0.01
1001,0.01
1002,0.01
1003,0.01
1004,0.01
1005,0.03
1006,0.03
1007,0.01
1008,0.03
1009,0.01
1010,0.01
1011,0.03
1012,0.01
1013,0.03
1014,0.03
1015,0.01
1016,0.03
1017,
1018,0.07
1019,
1020,0.03
1021,0.03
1022,0.05
1023,0.03
1024,0.01
1025,0.01
1026,0.01
1027,0.01
1028,0.01
1029,0.01
1030,0.01
1031,0.01
1032,0.01
1033,0.01
1034,0.01
1035,0.01
1036,0.01
1037,0.03
1038,0.03
1039,0.03
1040,0.03
1041,0.07
1042,0.03
1043,0.03
1044,0.03
1045,0.01
1046,0.01
1047,0.01
1048,0.03
1049,0.03
1050,0.01
1051,0.01
1052,0.01
1053,0.03
1054,0.01
1055,0.01
1056,0.01
1057,0.01
1058,0.01
1059,0.01
1060,0.03
1061,0.03
1062,0.03
1063,0.01
1064,0.03
1065,0.03
1066,0.01
1067,0.03
1068,0.01
1069,0.05
1070,0.03
1071,0.01
1072,0.05
1073,0.03
1074,0.05
1075,0.03
1076,0.05
1077,0.01
1078,0.01
1079,0.01
1080,0.01
1081,0.01
1082,0.03
1083,0.03
1084,0.01
1085,0.03
1086,0.03
1087,0.01
1088,0.03
1089,0.03
1090,0.01
1091,0.01
1092,0.01
1093,0.01
1094,0.01
1095,0.01
1096,0.03
1097,0.05
1098,0.05
1099,0.03
1100,0.03
1101,0.01
1102,0.01
1103,0.01
1104,0.01
1105,0.01
1106,0.01
1107,0.03
1108,0.01
1109,0.01
1110,0.01
1111,0.03
1112,0.07
1113,0.01
1114,0.03
1115,0.03
1116,0.01
1117,0.03
1118,0.07
1119,0.03
1120,0.03
1121,0.07
1122,0.07
1123,0.05
1124,0.01
1125,0.03
1126,0.01
1127,0.01
1128,0.01
1129,0.03
1130,0.01
1131,0.03
1132,0.01
1133,0.01
1134,0.03
1135,0.03
1136,0.05
1137,0.05
1138,0.05
1139,0.03
1140,0.01
1141,0.05
1142,0.03
1143,0.03
1144,0.01
1145,0.03
1146,0.03
1147,0.05
1148,0.03
1149,0.03
1150,0.01
1151,0.01
1152,0.01
1153,0.01
1154,0.03
1155,0.01
1156,0.01
1157,0.03
1158,0.05
1159,0.01
1160,0.05
1161,0.03
1162,0.01
1163,0.03
1164,0.03
1165,0.01
1166,0.01
1167,0.03
1168,0.03
1169,0.01
1170,0.03
1171,0.01
1172,0.03
1173,0.01
1174,0.03
1175,0.01
1176,0.03
1177,0.01
1178,0.03
1179,0.01
1180,0.03
1181,0.03
1182,0.03
1183,0.01
1184,0.03
1185,
1186,0.01
1187,0.05
1188,0.01
1189,0.03
1190,0.03
1191,0.03
1192,0.03
1193,0.03
1194,0.03
1195,0.01
1196,0.01
1197,0.01
1198,0.01
1199,0.01
1200,0.01
1201,0.01
1202,0.03
1203,0.03
1204,0.03
1205,0.01
1206,0.01
1207,0.03
1208,0.01
1209,0.05
1210,0.03
1211,0.03
1212,0.01
1213,0.03
1214,0.01
1215,0.01
1216,0.01
1217,0.01
1218,0.03
1219,0.01
1220,0.05
1221,0.01
1222,0.03
1223,0.03
1224,0.03
1225,0.03
1226,0.01
1227,0.03
1228,0.03
1229,0.03
1230,0.01
1231,0.03
1232,0.05
1233,0.03
1234,0.03
1235,0.01
1236,0.03
1237,0.01
1238,0.01
1239,0.01
1240,0.05
1241,0.03
1242,0.03
1243,0.03
1244,0.01
1245,0.01
1246,0.01
1247,0.01
1248,0.01
1249,0.01
1250,0.03
1251,0.01
1252,0.01
1253,0.03
1254,0.01
1255,0.03
1256,0.03
1257,0.03
1258,0.01
1259,0.03
1260,0.03
1261,0.03
1262,0.03
1263,0.03
1264,0.01
1265,0.05
1266,0.05
1267,0.03
1268,0.01
1269,0.01
1270,0.01
1271,0.03
1272,0.01
1273,0.01
1274,0.01
1275,0.03
1276,0.03
1277,0.03
1278,0.03
1279,0.05
1280,0.03
1281,0.01
1282,0.03
1283,0.05
1284,0.05
1285,0.03
1286,0.03
1287,0.05
1288,0.03
1289,0.05
1290,0.07
1291,0.07
1292,0.01
1293,0.01
1294,0.01
1295,0.01
1296,0.01
1297,0.01
1298,0.03
1299,0.03
1300,0.03
1301,0.01
1302,0.03
1303,0.03
1304,0.05
1305,0.07
1306,0.07
1307,0.03
1308,0.03
1309,0.07
1310,0.07
1311,0.03
1312,0.01
1313,0.03
1314,0.03
1315,0.03
1316,0.03
1317,0.03
1318,0.03
1319,0.01
1320,0.01
1321,0.03
1322,0.01
1323,0.03
1324,0.03
1325,0.03
1326,0.03
1327,0.01
1328,0.05
1329,0.07
1330,0.03
1331,0.03
1332,0.03
1333,0.03
1334,0.03
1335,0.01
1336,0.03
1337,0.01
1338,0.05
1339,0.03
1340,0.01
1341,0.03
1342,0.01
1343,0.01
1344,0.01
1345,0.03
1346,0.03
1347,0.03
1348,0.01
1349,0.03
1350,0.05
1351,0.05
1352,0.03
1353,
1354,0.07
1355,0.03
1356,0.03
1357,0.03
1358,0.05
1359,0.03
1360,0.03
1361,0.01
1362,0.03
1363,0.01
1364,0.01
1365,0.03
1366,0.03
1367,0.03
1368,0.01
1369,0.01
1370,0.03
1371,0.01
1372,0.01
1373,0.01
1374,0.01
1375,0.03
1376,0.03
1377,0.07
1378,0.05
1379,0.01
1380,0.03
1381,0.01
1382,0.03
1383,0.01
1384,0.03
1385,0.03
1386,0.01
1387,0.03
1388,0.03
1389,0.01
1390,0.03
1391,0.01
1392,0.03
1393,0.01
1394,0.01
1395,0.01
1396,0.03
1397,0.03
1398,0.01
1399,0.03
1400,0.03
1401,0.01
1402,0.01
1403,0.03
1404,0.05
1405,0.03
1406,0.03
1407,0.01
1408,0.05
1409,0.05
1410,0.03
1411,0.01
1412,0.05
1413,0.01
1414,0.01
1415,0.03
1416,0.01
1417,0.03
1418,0.01
1419,0.01
1420,0.03
1421,0.03
1422,0.03
1423,0.05
1424,0.03
1425,0.03
1426,0.03
1427,0.03
1428,
1429,0.01
1430,0.03
1431,0.07
1432,0.03
1433,0.03
1434,0.05
1435,0.01
1436,0.03
1437,0.01
1438,0.01
1439,0.01
1440,0.03
1441,0.03
1442,0.05
1443,0.03
1444,0.03
1445,0.01
1446,0.03
1447,0.03
1448,0.03
1449,0.05
1450,0.01
1451,0.03
1452,0.05
1453,0.03
1454,0.03
1455,0.05
1456,0.05
1457,0.05
1458,0.03
1459,0.03
1460,0.03
1461,0.01
1462,0.03
1463,0.01
1464,0.01
1465,0.05
1466,0.03
1467,0.01
1468,0.03
1469,0.03
1470,0.05
1471,0.03
1472,0.01
1473,0.03
1474,0.07
1475,0.03
1476,0.03
1477,0.01
1478,0.05
1479,0.05
1480,0.01
1481,0.05
1482,0.03
1483,0.01
1484,0.03
1485,0.01
1486,0.01
1487,0.03
1488,0.01
1489,0.03
1490,0.03
1491,0.01
1492,0.03
1493,0.03
1494,0.01
1495,0.01
1496,0.01
1497,0.03
1498,0.03
1499,0.03
1500,0.03
1501,0.03
1502,0.01
1503,0.03
1504,0.03
1505,0.01
1506,0.05
1507,0.05
1508,0.01
1509,0.01
1510,0.01
1511,0.01
1512,0.01
1513,0.01
1514,0.03
1515,0.03
1516,0.03
1517,0.01
1518,0.01
1519,0.01
1520,0.01
1521,0.01
1522,0.01
1523,0.03
1524,0.03
1525,0.05
1526,0.05
1527,0.01
1528,0.05
1529,0.03
1530,0.03
1531,0.03
1532,0.03
1533,0.03
1534,0.03
1535,0.01
1536,0.01
1537,0.01
1538,0.03
1539,0.03
1540,0.03
1541,0.05
1542,0.01
1543,0.01
1544,0.01
1545,0.03
1546,0.01
1547,0.01
1548,0.03
1549,0.01
1550,0.03
1551,0.01
1552,0.03
1553,0.03
1554,0.01
1555,0.07
1556,0.05
1557,0.01
1558,0.03
1559,0.01
1560,0.03
1561,0.01
1562,0.01
1563,0.01
1564,0.01
1565,0.03
1566,0.03
1567,0.03
1568,0.05
1569,0.07
1570,0.05
1571,0.01
1572,0.03
1573,0.03
1574,0.03
1575,0.01
1576,0.05
1577,0.03
1578,0.03
1579,0.05
1580,0.03
1581,0.01
1582,0.03
1583,0.05
1584,0.05
1585,0.03
1586,0.03
1587,0.03
1588,0.01
1589,0.01
1590,0.03
1591,0.01
1592,0.03
1593,0.03
1594,0.03
1595,0.03
1596,0.01
1597,0.03
1598,0.03
1599,0.03
1600,0.03
1601,0.03
1602,0.03
1603,0.05
1604,0.03
1605,0.01
1606,0.01
1607,0.03
1608,0.03
1609,0.01
1610,0.03
1611,0.03
1612,0.03
1613,0.05
1614,0.07
1615,0.03
1616,0.01
1617,0.01
1618,0.01
1619,0.03
1620,0.03
1621,0.05
1622,0.07
1623,0.03
1624,0.05
1625,0.03
1626,0.05
1627,0.07
1628,0.07
1629,0.07
1630,0.03
1631,0.01
1632,0.01
1633,0.05
1634,0.03
1635,0.01
1636,0.01
1637,0.05
1638,0.03
1639,0.03
1640,0.01
1641,0.03
1642,0.03
1643,0.03
1644,0.01
1645,0.03
1646,0.01
1647,0.01
1648,0.03
1649,0.03
1650,0.03
1651,0.03
1652,0.01
1653,0.03
1654,0.01
1655,0.03
1656,0.01
1657,0.01
1658,0.01
1659,0.01
1660,0.01
1661,0.03
1662,0.01
1663,0.01
1664,0.03
1665,0.03
1666,0.01
1667,0.03
1668,0.05
1669,0.03
1670,0.01
1671,0.03
1672,0.03
1673,0.07
1674,0.05
1675,0.01
1676,0.03
1677,0.03
1678,0.03
1679,0.01
1680,0.01
1681,0.03
1682,0.03
1683,0.03
1684,0.03
1685,0.03
1686,0.03
1687,0.03
1688,0.01
1689,0.07
1690,0.07
1691,0.03
1692,0.07
1693,0.05
1694,0.07
1695,0.03
1696,0.01
1697,0.03
1698,0.05
1699,0.07
1700,0.01
1701,0.03
1702,0.01
1703,0.03
1704,0.01
1705,0.01
1706,0.01
1707,0.03
1708,0.03
1709,0.01
1710,0.03
1711,0.01
1712,0.03
1713,0.07
1714,0.05
1715,0.05
1716,0.05
1717,0.07
1718,0.07
1719,0.01
1720,0.01
1721,0.03
1722,0.01
1723,0.01
1724,0.01
1725,0.01
1726,0.01
1727,0.01
1728,0.01
1729,0.01
1730,0.03
1731,0.01
1732,0.03
1733,0.01
1734,0.01
1735,0.01
1736,0.03
1737,0.03
1738,0.01
1739,0.03
1740,0.05
1741,0.03
1742,0.03
1743,0.03
1744,0.05
1745,0.03
1746,0.05
1747,0.07
1748,0.05
1749,0.03
1750,0.03
1751,0.01
1752,0.01
1753,0.01
1754,0.05
1755,0.03
1756,0.05
1757,0.01
1758,0.03
1759,0.01
1760,0.05
1761,0.05
1762,0.03
1763,0.03
1764,0.05
1765,0.03
1766,0.03
1767,
1768,0.05
1769,0.05
1770,0.07
1771,0.05
1772,0.03
1773,0.05
1774,0.05
1775,0.01
1776,0.03
1777,0.03
1778,0.01
1779,0.01
1780,0.05
1781,0.01
1782,0.01
1783,0.01
1784,0.03
1785,0.01
1786,0.03
1787,0.07
1788,0.01
1789,0.03
1790,0.03
1791,0.07
1792,0.05
1793,0.07
1794,0.05
1795,0.05
1796,0.05
1797,0.03
1798,0.05
1799,0.05
1800,0.01
1801,0.03
1802,0.01
1803,0.03
1804,0.01
1805,0.03
1806,0.05
1807,0.03
1808,0.01
1809,0.05
1810,0.03
1811,0.01
1812,0.01
1813,0.01
1814,0.03
1815,0.05
1816,0.01
1817,0.07
1818,0.05
1819,0.03
1820,0.05
1821,0.03
1822,0.05
1823,0.05
1824,0.05
1825,0.01
1826,0.01
1827,0.01
1828,0.01
1829,0.01
1830,0.03
1831,0.01
1832,0.01
1833,0.01
1834,0.01
1835,0.05
1836,0.01
1837,0.03
1838,0.01
1839,0.01
1840,0.03
1841,0.05
1842,0.05
1843,0.05
1844,0.03
1845,0.03
1846,0.01
1847,0.01
1848,0.03
1849,0.01
1850,0.01
1851,0.01
1852,0.03
1853,0.05
1854,0.07
1855,0.01
1856,0.05
1857,0.01
1858,0.03
1859,0.05
1860,0.05
1861,0.05
1862,0.03
1863,0.01
1864,0.03
1865,0.05
1866,0.07
1867,0.05
1868,0.05
1869,0.01
1870,0.03
1871,0.03
1872,0.03
1873,0.03
1874,0.01
1875,0.03
1876,0.03
1877,0.03
1878,0.03
1879,0.01
1880,0.01
1881,0.07
1882,0.05
1883,0.07
1884,0.03
1885,0.03
1886,0.01
1887,0.03
1888,0.03
1889,0.03
1890,0.03
1891,0.01
1892,0.05
1893,0.03
1894,0.05
1895,0.03
1896,0.01
1897,0.01
1898,0.03
1899,0.03
1900,0.01
1901,0.01
1902,0.01
1903,0.03
1904,0.07
1905,0.03
1906,0.03
1907,0.01
1908,0.03
1909,0.05
1910,0.05
1911,0.01
1912,0.03
1913,0.05
1914,0.05
1915,0.05
1916,0.05
1917,0.01
1918,0.03
1919,0.01
1920,0.03
1921,0.01
1922,0.05
1923,0.01
1924,0.03
1925,0.01
1926,0.01
1927,0.01
1928,0.03
1929,0.03
1930,0.03
1931,0.05
1932,0.07
1933,0.05
1934,0.03
1935,0.01
1936,0.05
1937,0.05
1938,0.05
1939,0.05
1940,0.03
1941,0.05
1942,0.07
1943,0.03
1944,0.01
1945,0.01
1946,0.03
1947,0.01
1948,0.03
1949,0.01
1950,0.03
1951,0.03
1952,0.03
1953,0.01
1954,0.03
1955,0.01
1956,0.01
1957,0.03
1958,0.01
1959,0.03
1960,0.05
1961,0.03
1962,0.01
1963,0.03
1964,0.01
1965,0.01
1966,0.01
1967,0.01
1968,0.01
1969,0.03
1970,0.03
1971,0.05
1972,0.01
1973,0.03
1974,0.01
1975,0.03
1976,0.01
1977,0.01
1978,0.03
1979,0.01
1980,0.03
1981,0.01
1982,0.01
1983,0.03
1984,0.03
1985,0.03
1986,0.05
1987,0.03
1988,0.01
1989,0.01
1990,0.03
1991,0.03
1992,0.01
1993,0.03
1994,0.01
1995,0.03
1996,0.03
1997,0.01
1998,0.01
1999,0.01
2000,0.03
2001,0.05
2002,0.03
2003,0.01
2004,0.01
2005,0.03
2006,0.01
2007,0.03
2008,0.01
2009,0.03
2010,0.01
2011,0.01
2012,0.01
2013,0.01
2014,0.01
2015,0.01
2016,0.01
2017,0.01
2018,0.03
2019,0.03
2020,0.01
2021,0.03
2022,0.05
2023,0.01
2024,0.05
2025,0.03
2026,0.03
2027,0.07
2028,0.05
2029,0.07
2030,0.05
2031,0.03
2032,0.01
2033,0.03
2034,0.03
2035,0.05
2036,0.03
2037,0.01
2038,0.01
2039,0.01
2040,0.01
2041,0.03
2042,0.03
2043,0.03
2044,0.05
2045,0.01
2046,0.03
2047,0.03
2048,0.01
2049,0.05
2050,0.05
2051,0.05
2052,0.05
2053,0.03
2054,0.01
2055,0.03
2056,0.05
2057,0.01
2058,0.01
2059,0.05
2060,0.05
2061,0.03
2062,0.01
2063,0.03
2064,0.01
2065,0.01
2066,0.01
2067,0.03
2068,0.01
2069,0.03
2070,0.01
2071,0.05
2072,0.07
2073,0.03
2074,0.01
2075,0.01
2076,0.05
2077,0.05
2078,0.05
2079,0.03
2080,0.03
2081,0.03
2082,0.03
2083,0.01
2084,0.01
2085,0.01
2086,0.05
2087,0.07
2088,0.01
2089,0.01
2090,0.05
2091,0.01
2092,0.03
2093,0.01
2094,0.03
2095,0.03
2096,0.07
2097,0.01
2098,0.01
2099,0.03
2100,0.01
2101,0.03
2102,0.05
2103,0.07
2104,0.03
2105,0.03
2106,0.07
2107,0.03
2108,0.03
2109,0.01
2110,0.03
2111,0.07
2112,0.03
2113,0.03
2114,0.03
2115,0.03
2116,0.01
2117,0.01
2118,0.03
2119,0.01
2120,0.05
2121,0.03
2122,0.03
2123,0.01
2124,0.01
2125,0.03
2126,0.03
2127,0.01
2128,0.03
2129,0.05
2130,0.07
2131,0.07
2132,0.01
2133,0.01
2134,0.03
2135,0.03
2136,0.01
2137,0.01
2138,0.01
2139,0.03
2140,0.07
2141,0.03
2142,0.05
2143,0.01
2144,0.01
2145,0.03
2146,0.05
2147,0.03
2148,0.01
2149,0.03
2150,0.03
2151,0.03
2152,
2153,0.03
2154,0.05
2155,0.05
2156,0.01
2157,0.01
2158,0.03
2159,0.05
2160,0.03
2161,0.03
2162,0.03
2163,0.03
2164,0.05
2165,0.03
2166,0.05
2167,0.03
2168,0.03
2169,0.01
2170,0.03
2171,0.03
2172,0.03
2173,0.01
2174,0.03
2175,0.01
2176,0.05
2177,0.03
2178,0.01
2179,0.03
2180,0.01
2181,0.01
2182,0.03
2183,0.01
2184,0.01
2185,0.01
2186,0.01
2187,0.03
2188,0.01
2189,0.03
2190,0.03
2191,0.01
2192,0.01
2193,0.07
2194,0.03
2195,0.07
2196,0.03
2197,0.01
2198,0.05
2199,0.01
2200,0.03
2201,0.01
2202,0.05
2203,0.05
2204,0.03
2205,0.01
2206,0.01
2207,0.01
2208,0.01
2209,0.03
2210,0.05
2211,0.03
2212,0.03
2213,0.05
2214,0.07
2215,0.05
2216,0.01
2217,0.01
2218,0.03
2219,0.01
2220,0.03
2221,0.05
2222,0.03
2223,0.03
2224,0.03
2225,0.01
2226,0.03
2227,0.05
2228,0.01
2229,0.03
2230,0.03
2231,0.03
2232,0.01
2233,0.01
2234,0.01
2235,0.07
2236,0.03
2237,0.03
2238,0.01
2239,0.03
2240,0.07
2241,0.05
2242,0.03
2243,0.03
2244,0.01
2245,0.03
2246,0.03
2247,0.03
2248,0.01
2249,0.01
2250,0.01
2251,0.03
2252,0.03
2253,0.05
2254,0.05
2255,0.01
2256,0.01
2257,0.03
2258,0.07
2259,0.03
2260,0.01
2261,0.01
2262,0.01
2263,0.01
2264,
2265,0.01
2266,0.03
2267,0.03
2268,0.01
2269,0.03
2270,0.03
2271,0.03
2272,0.05
2273,0.01
2274,0.01
2275,0.01
2276,0.01
2277,0.01
2278,0.01
2279,0.03
2280,0.03
2281,0.05
2282,0.01
2283,0.01
2284,0.05
2285,0.03
2286,0.01
2287,0.03
2288,0.01
2289,0.03
2290,0.01
2291,0.07
2292,0.03
2293,0.03
2294,0.01
2295,0.01
2296,0.01
2297,0.01
2298,0.01
2299,0.01
2300,0.01
2301,0.05
2302,0.05
2303,0.05
2304,0.03
2305,0.01
2306,0.01
2307,0.01
2308,0.03
2309,0.01
2310,0.03
2311,0.01
2312,0.01
2313,0.03
2314,0.01
2315,0.01
2316,0.05
2317,0.05
2318,0.07
2319,0.07
2320,0.03
2321,0.03
2322,0.01
2323,0.03
2324,0.03
2325,0.03
2326,0.01
2327,0.03
2328,0.03
2329,0.03
2330,0.01
2331,0.03
2332,0.01
2333,0.01
2334,0.01
2335,0.01
2336,0.07
2337,0.03
2338,0.03
2339,0.03
2340,0.01
2341,0.05
2342,0.05
2343,0.05
2344,0.03
2345,0.01
2346,0.03
2347,0.03
2348,0.01
2349,0.01
2350,0.03
2351,0.03
2352,0.05
2353,0.03
2354,0.01
2355,0.05
2356,0.01
2357,0.03
2358,0.05
2359,0.03
2360,0.03
2361,0.03
2362,0.03
2363,0.05
2364,0.05
2365,0.03
2366,0.01
2367,0.03
2368,0.01
2369,0.05
2370,0.05
2371,0.07
2372,0.07
2373,0.01
2374,0.03
2375,0.03
2376,0.01
2377,0.01
2378,0.03
2379,0.03
2380,0.05
2381,0.01
2382,0.03
2383,0.01
2384,0.05
2385,0.01
2386,0.03
2387,0.05
2388,0.03
2389,0.03
2390,0.01
2391,0.01
2392,0.05
2393,0.01
2394,0.01
2395,0.03
2396,0.03
2397,0.01
2398,0.01
2399,0.01
2400,0.01
2401,0.03
2402,0.07
2403,0.03
2404,0.05
2405,0.01
2406,0.01
2407,0.03
2408,0.07
2409,0.01
2410,0.01
2411,0.01
2412,0.05
2413,0.07
2414,0.05
2415,0.03
2416,0.01
2417,0.03
2418,0.05
2419,0.03
2420,0.05
2421,0.03
2422,0.05
2423,0.01
2424,0.01
2425,0.01
2426,0.01
2427,0.01
2428,0.01
2429,0.01
2430,0.03
2431,0.03
2432,
2433,0.03
2434,0.03
2435,0.03
2436,0.01
2437,0.03
2438,0.03
2439,0.03
2440,0.01
2441,0.03
2442,0.05
2443,0.03
2444,0.01
2445,0.05
2446,0.05
2447,0.01
2448,0.01
2449,0.01
2450,0.01
2451,0.05
2452,0.05
2453,0.01
2454,0.01
2455,0.01
2456,0.05
2457,0.03
2458,0.05
2459,0.03
2460,0.01
2461,0.03
2462,0.03
2463,0.01
2464,0.03
2465,0.03
2466,0.03
2467,0.05
2468,0.03
2469,0.03
2470,0.01
2471,0.01
2472,0.03
2473,0.01
2474,0.03
2475,0.01
2476,0.03
2477,0.03
2478,0.03
2479,0.03
2480,0.03
2481,0.03
2482,
2483,0.05
2484,0.01
2485,0.03
2486,0.01
2487,0.01
2488,0.01
2489,0.01
2490,0.03
2491,0.03
2492,0.03
2493,0.01
2494,0.03
2495,0.01
2496,0.01
2497,0.03
2498,0.03
2499,0.01
2500,0.03
2501,0.03
2502,0.03
2503,0.01
2504,0.01
2505,0.01
2506,0.03
2507,0.03
2508,0.03
2509,0.01
2510,0.01
2511,0.05
2512,0.01
2513,
2514,0.01
2515,0.03
2516,0.03
2517,0.03
2518,0.03
2519,0.03
2520,0.01
2521,0.01
2522,0.05
2523,0.03
2524,0.03
2525,0.01
2526,0.03
2527,0.05
2528,0.03
2529,
2530,0.05
2531,0.07
2532,0.03
2533,0.03
2534,0.03
2535,0.01
2536,0.03
2537,0.03
2538,0.07
2539,0.03
2540,0.03
2541,0.03
2542,0.01
2543,0.01
2544,0.01
2545,0.01
2546,0.03
2547,0.01
2548,0.05
2549,0.01
2550,0.01
2551,0.03
2552,0.03
2553,
2554,0.07
2555,0.05
2556,0.03
2557,0.01
2558,0.03
2559,0.03
2560,0.03
2561,0.03
2562,0.01
2563,0.03
2564,0.01
2565,0.01
2566,0.03
2567,0.03
2568,0.01
2569,0.03
2570,0.03
2571,0.07
2572,0.05
2573,0.03
2574,0.03
2575,0.03
2576,0.05
2577,0.07
2578,0.01
2579,0.03
2580,0.01
2581,0.01
2582,0.01
2583,0.03
2584,0.07
2585,0.01
2586,0.01
2587,0.01
2588,0.03
2589,0.05
2590,0.07
2591,0.05
2592,0.01
2593,0.05
2594,0.05
2595,0.03
2596,0.05
2597,0.03
2598,0.01
2599,0.01
2600,0.01
2601,0.01
2602,0.03
2603,0.05
2604,0.01
2605,0.05
2606,0.03
2607,0.03
2608,0.05
2609,0.03
2610,0.03
2611,0.03
2612,0.03
2613,0.03
2614,0.03
2615,0.03
2616,0.03
2617,0.03
2618,0.03
2619,0.01
2620,0.01
2621,0.01
2622,0.03
2623,0.03
2624,0.05
2625,0.03
2626,0.01
2627,0.01
2628,0.03
2629,0.03
2630,0.03
2631,0.03
2632,0.01
2633,0.03
2634,0.03
2635,0.01
2636,0.01
2637,0.01
2638,0.01
2639,0.01
2640,0.01
2641,0.01
2642,0.05
2643,0.03
2644,0.07
2645,0.05
2646,0.05
2647,0.07
2648,0.03
2649,0.07
2650,0.03
2651,0.03
2652,0.01
2653,0.03
2654,0.01
2655,0.03
2656,0.03
2657,0.01
2658,0.01
2659,0.03
2660,0.03
2661,0.01
2662,0.03
2663,0.01
2664,0.03
2665,0.01
2666,0.01
2667,0.03
2668,0.05
2669,0.03
2670,0.03
2671,0.01
2672,0.01
2673,0.03
2674,0.03
2675,0.01
2676,0.01
2677,0.01
2678,0.03
2679,0.05
2680,0.01
2681,0.03
2682,0.05
2683,0.05
2684,0.05
2685,0.01
2686,0.03
2687,0.01
2688,0.03
2689,0.03
2690,0.05
2691,0.05
2692,0.03
2693,0.01
2694,0.01
2695,0.01
2696,0.01
2697,0.01
2698,0.01
2699,0.03
2700,0.05
2701,0.05
2702,0.05
2703,0.01
2704,0.03
2705,0.03
2706,0.07
2707,0.05
2708,0.05
2709,0.01
2710,0.01
2711,0.01
2712,0.01
2713,0.01
2714,0.03
2715,0.01
2716,0.07
2717,0.03
2718,0.01
2719,0.03
2720,0.05
2721,0.03
2722,0.03
2723,0.03
2724,0.05
2725,0.03
2726,0.03
2727,0.03
2728,0.01
2729,0.01
2730,0.01
2731,0.01
2732,0.01
2733,0.03
2734,0.01
2735,0.01
2736,0.01
2737,0.01
2738,0.05
2739,
2740,0.05
2741,0.03
2742,0.01
2743,0.01
2744,0.05
2745,0.03
2746,0.01
2747,0.03
2748,0.01
2749,0.03
2750,0.01
2751,0.03
2752,0.01
2753,0.03
2754,0.01
2755,0.03
2756,0.05
2757,0.03
2758,0.03
2759,0.01
2760,0.03
2761,0.01
2762,0.07
2763,0.03
2764,0.03
2765,0.01
2766,0.01
2767,0.01
2768,0.07
2769,0.01
2770,0.03
2771,0.01
2772,0.01
2773,0.01
2774,0.01
2775,0.01
2776,0.01
2777,0.03
2778,0.01
2779,0.03
2780,0.01
2781,0.01
2782,0.01
2783,0.01
2784,0.01
2785,0.03
2786,0.03
2787,0.01
2788,0.01
2789,0.01
2790,0.03
2791,0.01
2792,0.03
2793,0.01
2794,0.01
2795,0.03
2796,0.01
2797,0.03
2798,0.01
2799,0.01
2800,0.01
2801,0.03
2802,0.03
2803,0.05
2804,0.03
2805,0.03
2806,0.03
2807,0.03
2808,0.01
2809,0.01
2810,0.03
2811,0.05
2812,0.01
2813,0.01
2814,0.01
2815,0.03
2816,0.01
2817,0.03
2818,0.01
2819,0.01
2820,0.03
2821,0.03
2822,0.01
2823,0.03
2824,0.03
2825,0.07
2826,0.05
2827,0.03
2828,0.07
2829,0.03
2830,0.01
2831,0.01
2832,0.03
2833,0.01
2834,0.01
2835,0.05
2836,0.03
2837,0.01
2838,0.01
2839,0.03
2840,
2841,0.01
2842,0.03
2843,0.05
2844,
2845,0.07
2846,
2847,
2848,0.01
2849,0.01
2850,0.01
2851,0.01
2852,0.03
2853,0.01
2854,0.01
2855,0.01
2856,0.01
2857,0.01
2858,0.05
2859,0.03
2860,0.03
2861,0.03
2862,0.01
2863,0.01
2864,0.03
2865,0.01
2866,0.05
2867,
2868,0.07
2869,0.07
2870,0.03
2871,0.05
2872,0.03
2873,0.01
2874,0.01
2875,0.03
2876,0.01
2877,0.01
2878,0.03
2879,0.03
2880,0.01
2881,0.01
2882,0.03
2883,0.03
2884,0.07
2885,0.03
2886,0.01
2887,0.05
2888,0.05
2889,0.01
2890,0.01
2891,0.01
2892,0.03
2893,0.03
2894,0.05
2895,0.07
2896,0.01
2897,0.01
2898,0.03
2899,0.01
2900,0.01
2901,0.03
2902,0.05
2903,0.03
2904,0.03
2905,0.03
2906,0.05
2907,0.07
2908,0.05
2909,0.01
2910,0.03
2911,0.03
2912,0.01
2913,0.01
2914,0.05
2915,0.05
2916,0.03
2917,0.03
2918,0.05
2919,0.03
2920,0.01
2921,0.03
2922,0.03
2923,0.05
2924,0.07
2925,0.05
2926,0.05
2927,0.05
2928,0.05
2929,0.03
2930,0.03
2931,0.03
2932,0.01
2933,0.03
2934,0.01
2935,0.01
2936,0.01
2937,0.03
2938,0.01
2939,0.01
2940,0.01
2941,0.03
2942,0.01
2943,0.01
2944,0.03
2945,0.03
2946,0.03
2947,0.01
2948,0.01
2949,0.05
2950,0.01
2951,0.01
2952,0.01
2953,0.01
2954,0.05
2955,0.01
2956,0.01
2957,0.01
2958,0.03
2959,0.03
2960,0.01
2961,0.01
2962,0.01
2963,0.05
2964,0.01
2965,0.01
2966,0.01
2967,0.03
2968,0.03
2969,0.03
2970,0.01
2971,0.01
2972,0.01
2973,0.01
2974,0.01
2975,0.03
2976,0.01
2977,0.01
2978,0.01
2979,0.03
2980,0.01
2981,0.03
2982,0.03
2983,0.03
2984,0.01
2985,0.01
2986,0.05
2987,0.01
2988,0.01
2989,0.01
2990,0.01
2991,0.03
2992,0.01
2993,0.01
2994,0.01
2995,0.01
2996,0.01
2997,0.01
2998,0.03
2999,0.03
3000,0.03
3001,0.01
3002,0.01
3003,0.01
3004,0.01
3005,0.01
3006,0.01
3007,0.01
3008,0.01
3009,0.03
3010,0.01
3011,0.03
3012,0.03
3013,0.03
3014,0.03
3015,0.03
3016,0.01
3017,0.01
3018,0.01
3019,0.03
3020,0.05
3021,0.03
3022,0.03
3023,0.01
3024,0.01
3025,0.05
3026,0.03
3027,0.03
3028,0.03
3029,0.03
3030,0.03
3031,0.01
3032,0.03
3033,0.03
3034,0.03
3035,0.03
3036,0.01
3037,0.01
3038,0.01
3039,0.03
3040,0.05
3041,0.03
3042,0.05
3043,0.01
3044,0.03
3045,0.03
3046,0.01
3047,0.01
3048,0.03
3049,0.03
3050,0.03
3051,0.03
3052,0.01
3053,0.01
3054,0.03
3055,0.03
3056,0.01
3057,0.03
3058,0.01
3059,0.05
3060,0.03
3061,0.05
3062,0.01
3063,0.05
3064,0.01
3065,0.03
3066,0.01
3067,0.05
3068,0.03
3069,0.01
3070,0.03
3071,0.01
3072,0.01
3073,0.05
3074,0.03
3075,0.07
3076,0.05
3077,0.07
3078,0.03
3079,0.03
3080,0.05
3081,0.03
3082,0.03
3083,0.03
3084,0.03
3085,0.03
3086,0.05
3087,0.03
3088,0.07
3089,0.03
3090,0.05
3091,0.03
3092,0.01
3093,0.01
3094,0.01
3095,0.01
3096,0.03
3097,0.05
3098,0.07
3099,0.07
3100,0.03
3101,0.01
3102,0.03
3103,0.03
3104,0.03
3105,0.03
3106,0.03
3107,0.01
3108,0.01
3109,0.01
3110,0.05
3111,0.01
3112,0.05
3113,0.03
3114,0.01
3115,0.01
3116,0.03
3117,0.05
3118,0.03
3119,0.03
3120,0.03
3121,0.01
3122,0.03
3123,0.03
3124,0.01
3125,0.03
3126,0.03
3127,0.03
3128,0.01
3129,0.01
3130,0.01
3131,0.01
3132,0.01
3133,0.01
3134,0.01
3135,0.03
3136,0.01
3137,0.01
3138,0.01
3139,0.03
3140,0.01
3141,0.01
3142,0.03
3143,0.03
3144,0.03
3145,0.01
3146,0.03
3147,0.01
3148,0.01
3149,0.01
3150,0.03
3151,0.01
3152,0.03
3153,0.03
3154,0.03
3155,0.01
3156,0.03
3157,0.01
3158,0.03
3159,0.05
3160,0.05
3161,0.05
3162,0.05
3163,0.03
3164,0.07
3165,0.07
3166,0.03
3167,0.03
3168,0.03
3169,0.01
3170,0.03
3171,0.01
3172,0.01
3173,0.03
3174,0.03
3175,0.05
3176,0.01
3177,0.03
3178,0.01
3179,0.03
3180,0.03
3181,0.07
3182,
3183,
3184,0.03
3185,0.01
3186,0.01
3187,0.01
3188,0.03
3189,0.01
3190,0.03
3191,0.01
3192,0.03
3193,0.01
3194,0.03
3195,0.05
3196,0.05
3197,0.01
3198,0.01
3199,0.01
3200,0.01
3201,0.03
3202,0.03
3203,0.01
3204,0.03
3205,0.07
3206,0.07
3207,0.07
3208,0.03
3209,0.01
3210,0.01
3211,0.03
3212,0.01
3213,0.03
3214,0.03
3215,0.01
3216,0.03
3217,0.03
3218,0.01
3219,0.05
3220,0.03
3221,0.01
3222,0.03
3223,0.01
3224,0.01
3225,0.05
3226,0.03
3227,0.01
3228,0.01
3229,0.05
3230,0.07
3231,0.05
3232,0.01
3233,0.03
3234,0.01
3235,0.01
3236,0.01
3237,0.03
3238,0.01
3239,0.01
3240,0.01
3241,0.03
3242,0.05
3243,0.07
3244,0.03
3245,0.05
3246,0.03
3247,0.03
3248,0.01
3249,0.01
3250,0.01
3251,0.03
3252,0.03
3253,0.01
3254,0.03
3255,0.03
3256,0.03
3257,0.05
3258,0.03
3259,0.01
3260,0.01
3261,0.03
3262,0.03
3263,0.01
3264,0.01
3265,0.01
3266,0.01
3267,0.01
3268,0.03
3269,0.01
3270,0.03
3271,0.03
3272,0.01
3273,0.01
3274,0.01
3275,0.01
3276,0.01
3277,0.01
3278,0.01
3279,0.03
3280,0.03
3281,0.01
3282,0.03
3283,0.05
3284,0.03
3285,0.03
3286,0.01
3287,0.03
3288,0.01
3289,0.05
3290,0.01
3291,0.01
3292,0.01
3293,0.01
3294,0.03
3295,0.03
3296,0.03
3297,0.01
3298,0.03
3299,0.01
3300,0.01
3301,0.01
3302,0.01
3303,0.03
3304,0.01
3305,0.01
3306,0.03
3307,0.03
3308,0.01
3309,0.01
3310,0.01
3311,0.01
3312,0.03
3313,0.01
3314,0.01
3315,0.03
3316,0.03
3317,0.01
3318,0.01
3319,0.01
3320,0.01
3321,0.03
3322,0.03
3323,0.03
3324,0.03
3325,0.03
3326,0.05
3327,0.07
3328,0.03
3329,0.01
3330,0.03
3331,0.03
3332,0.03
3333,0.03
3334,0.03
3335,0.01
3336,0.01
3337,0.03
3338,0.01
3339,0.01
3340,0.03
3341,0.01
3342,0.03
3343,0.01
3344,0.01
3345,0.03
3346,0.03
3347,0.03
3348,0.05
3349,0.01
3350,0.03
3351,0.05
3352,0.01
3353,0.03
3354,0.01
3355,0.03
3356,0.03
3357,0.05
3358,0.03
3359,0.03
3360,0.01
3361,0.05
3362,0.03
3363,0.03
3364,0.05
3365,0.01
3366,0.01
3367,0.01
3368,0.05
3369,0.03
3370,0.07
3371,0.01
3372,0.01
3373,0.01
3374,0.07
3375,0.03
3376,0.05
3377,0.05
3378,0.05
3379,0.01
3380,0.01
3381,0.01
3382,0.03
3383,0.03
3384,0.01
3385,0.03
3386,0.05
3387,0.05
3388,0.03
3389,0.03
3390,0.03
3391,0.05
3392,0.03
3393,0.01
3394,0.03
3395,0.01
3396,0.03
3397,0.01
3398,0.01
3399,0.03
3400,0.03
3401,0.01
3402,0.01
3403,0.01
3404,0.01
3405,0.01
3406,0.01
3407,0.03
3408,0.01
3409,0.01
3410,0.05
3411,0.05
3412,0.05
3413,0.05
3414,0.01
3415,0.03
3416,0.05
3417,0.01
3418,0.01
3419,0.03
3420,0.03
3421,0.03
3422,0.03
3423,0.01
3424,0.03
3425,0.01
3426,0.01
3427,0.01
3428,0.01
3429,0.01
3430,0.01
3431,0.03
3432,0.01
3433,0.03
3434,
3435,0.07
3436,0.03
3437,0.01
3438,0.01
3439,0.01
3440,0.01
3441,0.07
3442,0.05
3443,0.03
3444,0.03
3445,0.05
3446,0.03
3447,0.01
3448,0.03
3449,0.03
3450,0.01
3451,0.01
3452,0.01
3453,0.05
3454,0.05
3455,0.07
3456,0.07
3457,0.01
3458,0.01
3459,0.01
3460,0.03
3461,0.05
3462,
3463,0.05
3464,0.05
3465,0.01
3466,0.05
3467,0.03
3468,0.01
3469,0.03
3470,0.01
3471,0.03
3472,0.01
3473,0.01
3474,0.01
3475,0.01
3476,0.03
3477,0.03
3478,0.03
3479,0.01
3480,0.03
3481,0.01
3482,0.03
3483,0.01
3484,0.03
3485,0.03
3486,0.01
3487,0.03
3488,0.03
3489,0.03
3490,0.01
3491,0.03
3492,0.03
3493,0.03
3494,0.05
3495,0.07
3496,0.03
3497,0.03
3498,0.05
3499,0.03
3500,0.03
3501,0.03
3502,0.03
3503,0.01
3504,0.01
3505,0.01
3506,0.03
3507,0.01
3508,0.03
3509,0.03
3510,0.03
3511,0.03
3512,0.03
3513,0.03
3514,0.07
3515,
3516,
3517,0.07
3518,
3519,0.01
3520,0.03
3521,0.05
3522,0.03
3523,0.05
3524,0.05
3525,0.03
3526,0.01
3527,0.01
3528,0.03
3529,0.01
3530,0.03
3531,0.05
3532,0.05
3533,0.03
3534,0.03
3535,0.01
3536,0.03
3537,0.03
3538,0.05
3539,
3540,0.07
3541,0.01
3542,0.03
3543,0.01
3544,0.03
3545,0.01
3546,0.01
3547,0.03
3548,0.03
3549,0.03
3550,0.01
3551,0.03
3552,0.05
3553,0.03
3554,0.05
3555,0.05
3556,0.03
3557,0.01
3558,0.01
3559,0.03
3560,0.01
3561,0.03
3562,0.01
3563,0.01
3564,0.01
3565,0.03
3566,0.01
3567,0.03
3568,0.01
3569,0.03
3570,0.03
3571,0.01
3572,0.03
3573,
3574,0.01
3575,0.03
3576,0.03
3577,0.01
3578,0.03
3579,0.05
3580,0.05
3581,0.05
3582,0.01
3583,0.05
3584,0.03
3585,0.01
3586,0.03
3587,0.01
3588,0.03
3589,0.01
3590,0.03
3591,0.03
3592,0.01
3593,0.03
3594,0.01
3595,0.03
3596,0.03
3597,0.03
3598,0.01
3599,0.01
3600,0.05
3601,0.03
3602,0.01
3603,0.03
3604,0.01
3605,0.01
3606,0.01
3607,0.05
3608,0.05
3609,0.01
3610,0.01
3611,0.01
3612,0.03
3613,0.05
3614,0.03
3615,0.03
3616,0.01
3617,0.01
3618,0.01
3619,0.01
3620,0.03
3621,0.01
3622,0.01
3623,0.03
3624,0.01
3625,0.01
3626,0.07
3627,0.03
3628,0.03
3629,0.03
3630,0.03
3631,0.01
3632,0.03
3633,0.03
3634,0.01
3635,0.01
3636,0.01
3637,0.03
3638,0.05
3639,0.01
3640,0.01
3641,0.03
3642,0.03
3643,0.01
3644,0.05
3645,0.01
3646,0.01
3647,0.01
3648,0.01
3649,0.01
3650,0.01
3651,0.03
3652,0.03
3653,0.01
3654,0.01
3655,0.01
3656,0.03
3657,0.01
3658,0.03
3659,0.03
3660,0.05
3661,0.03
3662,0.07
3663,0.07
3664,0.01
3665,0.05
3666,0.03
3667,0.01
3668,0.01
3669,0.01
3670,0.01
3671,0.03
3672,0.01
3673,0.01
3674,0.01
3675,0.01
3676,0.01
3677,0.03
3678,0.03
3679,0.03
3680,0.05
3681,0.01
3682,0.01
3683,0.01
3684,0.01
3685,0.03
3686,0.05
3687,0.07
3688,0.03
3689,0.03
3690,0.03
3691,0.01
3692,0.03
3693,0.03
3694,0.03
3695,0.03
3696,0.01
3697,0.01
3698,0.01
3699,0.01
3700,0.01
3701,0.03
3702,0.03
3703,0.03
3704,0.05
3705,0.05
3706,0.03
3707,0.01
3708,0.03
3709,0.01
3710,
3711,
3712,0.03
3713,0.03
3714,0.01
3715,0.01
3716,0.03
3717,0.03
3718,0.03
3719,0.01
3720,0.01
3721,0.03
3722,0.05
3723,0.05
3724,0.07
3725,0.03
3726,0.01
3727,0.01
3728,0.01
3729,0.01
3730,0.01
3731,0.03
3732,0.03
3733,0.05
3734,0.05
3735,0.01
3736,0.01
3737,0.03
3738,0.05
3739,0.03
3740,0.01
3741,0.03
3742,0.03
3743,0.01
3744,0.03
3745,0.05
3746,0.05
3747,0.05
3748,0.07
3749,0.03
3750,0.05
3751,0.01
3752,0.03
3753,0.03
3754,0.03
3755,0.01
3756,0.01
3757,0.01
3758,0.01
3759,0.05
3760,0.05
3761,0.03
3762,0.01
3763,0.03
3764,0.03
3765,0.05
3766,0.05
3767,0.03
3768,0.05
3769,0.05
3770,0.05
3771,0.05
3772,0.07
3773,0.07
3774,0.05
3775,0.03
3776,0.05
3777,0.03
3778,0.03
3779,0.01
3780,0.03
3781,0.01
3782,0.01
3783,0.03
3784,0.03
3785,0.03
3786,0.03
3787,0.03
3788,0.03
3789,0.05
3790,0.07
3791,
3792,0.07
3793,0.05
3794,0.05
3795,0.05
3796,0.07
3797,
3798,
3799,0.07
3800,
3801,0.03
3802,0.03
3803,0.05
3804,0.03
3805,0.05
3806,0.03
3807,0.03
3808,0.03
3809,0.01
3810,0.01
3811,0.03
3812,0.03
3813,0.03
3814,0.05
3815,0.05
3816,0.03
3817,0.03
3818,0.01
3819,0.03
3820,0.05
3821,0.05
3822,0.05
3823,0.05
3824,0.05
3825,0.03
3826,0.01
3827,0.03
3828,0.03
3829,0.01
3830,0.03
3831,
3832,0.01
3833,0.03
3834,0.03
3835,0.05
3836,0.03
3837,0.01
3838,0.01
3839,0.01
3840,0.03
3841,0.01
3842,0.03
3843,0.01
3844,0.03
3845,0.01
3846,0.01
3847,0.03
3848,0.01
3849,0.03
3850,0.03
3851,0.03
3852,0.07
3853,0.07
3854,
3855,0.05
3856,0.01
3857,0.03
3858,0.01
3859,0.03
3860,0.01
3861,0.01
3862,0.01
3863,0.01
3864,0.01
3865,0.01
3866,0.03
3867,0.03
3868,0.03
3869,0.03
3870,0.03
3871,0.05
3872,0.03
3873,0.03
3874,0.03
3875,0.01
3876,0.01
3877,0.07
3878,
3879,0.03
3880,0.03
3881,0.01
3882,0.01
3883,0.03
3884,0.01
3885,0.05
3886,0.01
3887,0.03
3888,0.03
3889,0.03
3890,0.03
3891,0.03
3892,0.07
3893,0.03
3894,0.01
3895,0.01
3896,0.01
3897,0.01
3898,0.03
3899,0.05
3900,0.07
3901,0.03
3902,0.03
3903,0.03
3904,0.01
3905,0.05
3906,0.03
3907,0.05
3908,0.05
3909,0.03
3910,0.03
3911,0.03
3912,0.01
3913,0.01
3914,0.07
3915,0.05
3916,0.05
3917,0.05
3918,0.05
3919,0.01
3920,0.03
3921,0.03
3922,0.01
3923,0.03
3924,0.03
3925,0.05
3926,0.03
3927,0.01
3928,0.07
3929,0.03
3930,0.01
3931,0.03
3932,0.01
3933,0.03
3934,0.01
3935,0.01
3936,0.03
3937,0.03
3938,0.07
3939,0.07
3940,0.01
3941,0.07
3942,0.03
3943,0.03
3944,0.03
3945,0.03
3946,0.05
3947,0.03
3948,0.01
3949,0.01
3950,0.05
3951,0.03
3952,0.01
3953,0.03
3954,0.03
3955,0.05
3956,0.07
3957,0.03
3958,0.05
3959,0.05
3960,0.03
3961,0.01
3962,0.01
3963,0.01
3964,0.01
3965,0.03
3966,0.05
3967,0.03
3968,0.03
3969,0.03
3970,0.01
3971,0.01
3972,0.01
3973,0.01
3974,0.01
3975,0.03
3976,0.03
3977,0.03
3978,0.01
3979,0.01
3980,0.01
3981,0.01
3982,0.01
3983,0.03
3984,0.03
3985,0.01
3986,0.03
3987,0.03
3988,0.01
3989,0.01
3990,0.03
3991,0.03
3992,0.03
3993,0.01
3994,0.03
3995,0.07
3996,0.05
3997,0.05
3998,0.07
3999,
4000,0.01
4001,0.05
4002,0.03
4003,0.03
4004,0.03
4005,0.01
4006,0.01
4007,0.03
4008,0.03
4009,0.03
4010,0.01
4011,0.01
4012,0.01
4013,0.01
4014,0.03
4015,0.01
4016,0.01
4017,0.03
4018,0.03
4019,0.07
4020,0.03
4021,0.07
4022,0.07
4023,
4024,0.03
4025,0.01
4026,0.03
4027,0.03
4028,0.05
4029,0.01
4030,0.01
4031,0.03
4032,0.01
4033,0.01
4034,0.03
4035,0.01
4036,0.05
4037,0.03
4038,0.03
4039,0.05
4040,0.03
4041,0.05
4042,0.01
4043,0.01
4044,0.03
4045,0.03
4046,0.01
4047,0.07
4048,0.01
4049,0.03
4050,0.03
4051,0.01
4052,0.01
4053,0.01
4054,0.03
4055,0.01
4056,0.01
4057,0.01
4058,0.03
4059,0.01
4060,0.03
4061,0.03
4062,0.03
4063,0.03
4064,0.03
4065,0.05
4066,0.07
4067,0.05
4068,0.05
4069,0.05
4070,0.03
4071,0.05
4072,0.03
4073,0.05
4074,0.03
4075,0.01
4076,0.05
4077,0.03
4078,0.03
4079,0.03
4080,0.01
4081,0.03
4082,0.03
4083,0.01
4084,0.05
4085,0.03
4086,0.03
4087,0.01
4088,0.03
4089,0.03
4090,0.01
4091,0.01
4092,0.01
4093,0.03
4094,0.03
4095,0.03
4096,0.03
4097,0.07
4098,0.03
4099,0.03
4100,0.01
4101,0.05
4102,0.01
4103,0.03
4104,0.01
4105,0.03
4106,0.03
4107,0.03
4108,0.01
4109,0.01
4110,0.03
4111,0.01
4112,0.03
4113,0.01
4114,0.03
4115,0.01
4116,0.03
4117,0.01
4118,0.03
4119,0.01
4120,0.05
4121,0.03
4122,0.01
4123,0.03
4124,0.01
4125,0.05
4126,0.05
4127,0.05
4128,0.03
4129,0.03
4130,0.01
4131,0.01
4132,0.05
4133,0.07
4134,0.07
4135,0.05
4136,0.03
4137,0.03
4138,0.03
4139,0.01
4140,0.03
4141,0.03
4142,0.07
4143,0.01
4144,0.05
4145,0.03
4146,0.03
4147,0.05
4148,0.03
4149,0.03
4150,0.03
4151,0.03
4152,0.01
4153,0.03
4154,0.05
4155,0.01
4156,0.03
4157,0.01
4158,0.01
4159,0.01
4160,0.01
4161,0.03
4162,0.01
4163,0.03
4164,0.01
4165,0.07
4166,0.05
4167,0.05
4168,0.05
4169,0.01
4170,0.03
4171,0.03
4172,0.05
4173,0.03
4174,0.01
4175,0.01
4176,0.03
4177,0.03
4178,0.05
4179,0.03
4180,0.03
4181,0.01
4182,0.01
4183,0.03
4184,0.03
4185,0.03
4186,0.03
4187,0.03
4188,0.03
4189,0.03
4190,0.03
4191,0.01
4192,0.03
4193,0.05
4194,0.03
4195,0.01
4196,0.03
4197,0.03
4198,0.03
4199,0.03
4200,0.01
4201,0.03
4202,0.01
4203,0.03
4204,0.03
4205,0.03
4206,0.07
4207,0.05
4208,0.01
4209,0.05
4210,0.05
4211,0.07
4212,0.01
4213,0.01
4214,0.03
4215,0.05
4216,0.03
4217,0.01
4218,0.01
4219,0.05
4220,0.03
4221,0.01
4222,0.01
4223,0.01
4224,0.01
4225,0.01
4226,0.03
4227,0.01
4228,0.01
4229,0.05
4230,0.03
4231,0.01
4232,0.01
4233,0.05
4234,0.03
4235,0.03
4236,0.03
4237,0.03
4238,0.01
4239,0.03
4240,0.03
4241,0.05
4242,0.05
4243,0.03
4244,0.03
4245,0.01
4246,0.01
4247,0.01
4248,0.03
4249,0.03
4250,0.01
4251,0.01
4252,0.01
4253,0.01
4254,0.01
4255,0.01
4256,0.05
4257,0.03
4258,0.03
4259,0.01
4260,0.01
4261,0.01
4262,0.03
4263,0.01
4264,0.03
4265,0.03
4266,0.01
4267,0.03
4268,0.03
4269,0.03
4270,0.03
4271,0.01
4272,0.03
4273,0.03
4274,0.05
4275,0.07
4276,0.03
4277,0.03
4278,0.03
4279,0.01
4280,0.05
4281,0.03
4282,0.01
4283,0.03
4284,0.05
4285,0.01
4286,0.03
4287,0.03
4288,0.03
4289,
4290,0.07
4291,0.05
4292,0.03
4293,0.01
4294,0.03
4295,0.03
4296,0.03
4297,0.01
4298,0.01
4299,0.01
4300,0.01
4301,0.03
4302,0.03
4303,0.07
4304,0.05
4305,0.01
4306,0.05
4307,0.05
4308,0.03
4309,0.01
4310,0.03
4311,0.03
4312,0.05
4313,0.05
4314,0.03
4315,0.01
4316,0.01
4317,0.01
4318,0.05
4319,0.03
4320,0.05
4321,0.01
4322,0.01
4323,0.03
4324,0.03
4325,0.03
4326,0.03
4327,0.03
4328,0.03
4329,0.03
4330,0.03
4331,0.05
4332,0.05
4333,0.07
4334,0.05
4335,
4336,0.03
4337,0.03
4338,0.01
4339,0.07
4340,
4341,0.05
4342,0.05
4343,0.01
4344,0.03
4345,0.05
4346,0.05
4347,0.03
4348,0.03
4349,0.01
4350,0.01
4351,0.01
4352,0.05
4353,0.03
4354,0.05
4355,0.01
4356,0.03
4357,0.03
4358,0.01
4359,0.01
4360,0.03
4361,0.03
4362,0.01
4363,0.03
4364,0.03
4365,0.03
4366,0.03
4367,0.05
4368,0.05
4369,0.03
4370,0.03
4371,0.05
4372,0.03
4373,0.05
4374,0.05
4375,0.03
4376,0.01
4377,0.07
4378,0.03
4379,
4380,0.03
4381,0.03
4382,0.03
4383,0.07
4384,0.01
4385,0.01
4386,0.01
4387,0.03
4388,0.05
4389,0.03
4390,0.05
4391,0.05
4392,
4393,
4394,
4395,
4396,0.07
4397,0.03
4398,0.07
4399,0.03
4400,0.03
4401,0.01
4402,0.01
4403,0.03
4404,0.01
4405,0.03
4406,0.05
4407,0.07
4408,0.01
4409,0.05
4410,0.07
4411,0.05
4412,0.05
4413,0.03
4414,0.07
4415,0.05
4416,0.03
4417,0.03
4418,0.01
4419,0.03
4420,0.01
4421,0.03
4422,0.03
4423,0.01
4424,0.03
4425,0.03
4426,0.01
4427,0.01
4428,0.01
4429,0.03
4430,0.03
4431,0.01
4432,0.03
4433,
4434,0.07
4435,0.05
4436,0.07
4437,0.03
4438,0.01
4439,0.01
4440,0.01
4441,0.01
4442,0.01
4443,0.05
4444,0.03
4445,0.03
4446,0.05
4447,0.03
4448,0.03
4449,0.03
4450,0.07
4451,0.01
4452,0.01
4453,0.03
4454,0.05
4455,0.03
4456,0.03
4457,0.01
4458,0.03
4459,0.03
4460,0.01
4461,0.01
4462,0.01
4463,0.01
4464,0.01
4465,0.01
4466,0.03
4467,0.03
4468,0.01
4469,0.03
4470,0.03
4471,0.01
4472,0.03
4473,0.01
4474,0.03
4475,0.05
4476,0.03
4477,0.03
4478,0.03
4479,0.01
4480,0.03
4481,0.01
4482,0.01
4483,0.03
4484,0.01
4485,0.03
4486,0.03
4487,0.03
4488,0.01
4489,0.01
4490,0.01
4491,0.01
4492,0.03
4493,0.03
4494,0.03
4495,0.01
4496,0.01
4497,0.03
4498,0.01
4499,0.01
4500,0.05
4501,0.01
4502,0.01
4503,0.03
4504,0.03
4505,0.01
4506,0.01
4507,0.03
4508,0.03
4509,0.03
4510,0.05
4511,0.01
4512,0.01
4513,0.01
4514,0.01
4515,0.01
4516,0.01
4517,0.01
4518,0.01
4519,0.01
4520,0.03
4521,0.03
4522,0.03
4523,0.01
4524,0.01
4525,0.01
4526,0.01
4527,0.07
4528,0.05
4529,0.03
4530,0.01
4531,0.01
4532,0.01
4533,0.01
4534,0.01
4535,0.01
4536,0.01
4537,0.01
4538,0.01
4539,0.01
4540,0.01
4541,0.01
4542,0.03
4543,0.05
4544,0.01
4545,0.03
4546,0.01
4547,0.03
4548,0.01
4549,0.01
4550,0.03
4551,
4552,0.03
4553,0.03
4554,0.03
4555,0.05
4556,0.05
4557,0.01
4558,0.03
4559,0.03
4560,0.01
4561,0.03
4562,0.03
4563,0.03
4564,0.05
4565,0.03
4566,0.01
4567,0.01
4568,0.01
4569,0.03
4570,0.01
4571,0.03
4572,0.03
4573,0.03
4574,0.05
4575,0.03
4576,0.01
4577,0.03
4578,0.03
4579,0.03
4580,0.01
4581,0.01
4582,0.01
4583,0.03
4584,0.01
4585,0.03
4586,0.01
4587,0.01
4588,0.05
4589,0.03
4590,0.03
4591,0.03
4592,0.03
4593,0.03
4594,0.01
4595,0.03
4596,0.03
4597,0.01
4598,0.03
4599,0.03
4600,0.07
4601,0.05
4602,0.05
4603,0.05
4604,0.05
4605,0.03
4606,0.03
4607,0.03
4608,0.03
4609,0.07
4610,0.03
4611,0.07
4612,0.03
4613,0.03
4614,0.03
4615,0.03
4616,0.03
4617,0.03
4618,0.07
4619,0.01
4620,0.01
4621,0.01
4622,0.01
4623,0.03
4624,0.01
4625,0.01
4626,0.03
4627,0.01
4628,0.03
4629,0.01
4630,0.01
4631,0.01
4632,0.03
4633,0.03
4634,0.03
4635,0.01
4636,0.03
4637,0.03
4638,0.01
4639,0.03
4640,0.01
4641,0.03
4642,0.03
4643,0.05
4644,0.01
4645,0.01
4646,0.03
4647,0.03
4648,0.03
4649,0.05
4650,0.05
4651,0.03
4652,0.03
4653,0.01
4654,0.01
4655,0.01
4656,0.01
4657,0.07
4658,0.05
4659,0.01
4660,0.01
4661,0.03
4662,0.01
4663,0.01
4664,0.03
4665,0.03
4666,0.01
4667,0.03
4668,0.01
4669,0.01
4670,0.07
4671,
4672,0.03
4673,0.03
4674,0.05
4675,0.03
4676,
4677,0.01
4678,0.07
4679,0.03
4680,0.01
4681,0.03
4682,0.05
4683,0.03
4684,0.01
4685,0.01
4686,0.01
4687,0.03
4688,0.05
4689,0.03
4690,0.03
4691,0.01
4692,0.03
4693,0.01
4694,0.01
4695,0.07
4696,0.07
4697,0.07
4698,0.01
4699,0.01
4700,0.03
4701,0.01
4702,0.01
4703,0.03
4704,0.03
4705,0.03
4706,0.01
4707,0.03
4708,0.03
4709,0.03
4710,0.03
4711,0.05
4712,0.01
4713,0.03
4714,0.01
4715,0.01
4716,0.03
4717,0.01
4718,0.03
4719,0.01
4720,0.03
4721,0.03
4722,0.01
4723,0.05
4724,0.05
4725,0.01
4726,0.05
4727,0.07
4728,0.05
4729,0.05
4730,0.01
4731,0.05
4732,0.03
4733,0.03
4734,0.05
4735,0.03
4736,0.05
4737,0.05
4738,0.07
4739,0.07
4740,0.03
4741,0.01
4742,0.01
4743,0.03
4744,0.03
4745,0.07
4746,0.01
4747,0.03
4748,0.01
4749,0.01
4750,0.07
4751,0.05
4752,0.07
4753,0.03
4754,0.03
4755,0.03
4756,0.03
4757,0.03
4758,0.01
4759,0.03
4760,0.07
4761,0.03
4762,0.01
4763,0.03
4764,0.01
4765,0.01
4766,0.03
4767,0.01
4768,0.01
4769,0.05
4770,0.07
4771,0.05
4772,0.03
4773,0.07
4774,0.07
4775,0.05
4776,0.05
4777,0.01
4778,0.01
4779,0.03
4780,0.03
4781,0.03
4782,0.01
4783,0.03
4784,0.07
4785,0.01
4786,0.01
4787,0.05
4788,0.03
4789,0.03
4790,0.01
4791,0.03
4792,0.01
4793,0.05
4794,0.05
4795,0.05
4796,0.01
4797,0.05
4798,0.01
4799,0.03
4800,0.01
4801,0.03
4802,0.05
4803,0.03
4804,0.01
4805,0.01
4806,0.03
4807,0.01
4808,0.07
4809,0.01
4810,0.01
4811,0.01
4812,0.03
4813,0.03
4814,0.03
4815,0.01
4816,0.03
4817,0.01
4818,0.03
4819,0.03
4820,0.03
4821,0.05
4822,0.03
4823,0.03
4824,0.03
4825,0.03
4826,0.03
4827,0.03
4828,0.03
4829,0.01
4830,0.01
4831,0.01
4832,0.03
4833,0.03
4834,0.03
4835,0.01
4836,0.01
4837,0.03
4838,0.03
4839,0.05
4840,0.03
4841,0.03
4842,0.03
4843,0.01
4844,0.05
4845,0.05
4846,0.05
4847,0.03
4848,0.03
4849,0.03
4850,0.03
4851,0.01
4852,0.01
4853,0.01
4854,0.03
4855,0.03
4856,0.03
4857,0.03
4858,0.01
4859,0.03
4860,
4861,
4862,
4863,
4864,0.03
4865,0.01
4866,0.01
4867,0.03
4868,0.03
4869,0.03
4870,0.01
4871,0.03
4872,0.03
4873,0.03
4874,0.05
4875,0.05
4876,0.03
4877,0.01
4878,0.01
4879,0.01
4880,0.05
4881,0.03
4882,0.01
4883,0.03
4884,0.01
4885,0.05
4886,0.07
4887,0.03
4888,0.05
4889,0.03
4890,0.01
4891,0.01
4892,0.01
4893,0.03
4894,0.03
4895,0.03
4896,0.01
4897,0.03
4898,0.03
4899,0.03
4900,0.05
4901,0.01
4902,0.01
4903,0.01
4904,0.07
4905,0.03
4906,0.03
4907,0.01
4908,0.01
4909,0.03
4910,0.01
4911,0.01
4912,0.01
4913,0.05
4914,0.01
4915,0.03
4916,0.03
4917,0.05
4918,0.01
4919,0.03
4920,0.01
4921,0.01
4922,0.01
4923,0.03
4924,0.03
4925,0.05
4926,0.01
4927,0.01
4928,0.03
4929,0.01
4930,0.01
4931,0.03
4932,0.01
4933,0.03
4934,0.03
4935,0.01
4936,0.01
4937,
4938,0.03
4939,0.03
4940,0.01
4941,0.01
4942,0.01
4943,0.01
4944,0.01
4945,0.01
4946,0.03
4947,0.03
4948,0.01
4949,0.03
4950,0.01
4951,0.01
4952,0.03
4953,0.05
4954,0.03
4955,0.03
4956,0.01
4957,0.03
4958,0.05
4959,0.03
4960,0.03
4961,0.05
4962,0.05
4963,0.03
4964,0.01
4965,0.07
4966,
4967,0.05
4968,0.07
4969,0.03
4970,0.01
4971,0.01
4972,0.03
4973,0.01
4974,0.05
4975,0.03
4976,0.03
4977,0.01
4978,0.03
4979,0.03
4980,0.01
4981,0.03
4982,0.01
4983,0.03
4984,0.01
4985,0.03
4986,0.05
4987,0.03
4988,0.01
4989,0.05
4990,0.03
4991,0.05
4992,0.03
4993,0.03
4994,0.03
4995,0.01
4996,0.01
4997,0.01
4998,0.01
4999,0.01
5000,0.03
5001,0.05
5002,0.01
5003,0.01
5004,0.01
5005,0.01
5006,0.01
5007,0.01
5008,0.03
5009,0.01
5010,0.01
5011,0.03
5012,0.03
5013,0.01
5014,0.01
5015,0.01
5016,0.03
5017,0.01
5018,0.01
5019,0.01
5020,0.01
5021,0.01
5022,0.01
5023,0.03
5024,0.01
5025,0.03
5026,0.05
5027,0.03
5028,0.03
5029,0.03
5030,0.03
5031,0.05
5032,0.01
5033,0.01
5034,0.01
5035,0.01
5036,0.01
5037,0.03
5038,0.03
5039,0.03
5040,0.01
5041,0.03
5042,0.01
5043,0.03
5044,0.03
5045,0.01
5046,0.01
5047,0.01
5048,0.01
5049,0.03
5050,0.01
5051,0.01
5052,0.01
5053,0.01
5054,0.01
5055,0.07
5056,0.03
5057,0.03
5058,0.03
5059,0.03
5060,0.03
5061,0.03
5062,0.01
5063,0.01
5064,0.01
5065,0.01
5066,0.01
5067,0.03
5068,0.03
5069,0.03
5070,0.03
5071,0.03
5072,0.01
5073,0.03
5074,0.01
5075,0.03
5076,0.03
5077,0.01
5078,0.01
5079,0.05
5080,0.01
5081,0.01
5082,0.03
5083,0.01
5084,0.01
5085,0.01
5086,0.03
5087,0.01
5088,0.01
5089,0.01
5090,0.01
5091,0.03
5092,0.07
5093,0.05
5094,0.03
5095,0.03
5096,0.05
5097,0.05
5098,0.03
5099,0.05
5100,0.03
5101,0.01
5102,0.01
5103,0.01
5104,0.01
5105,0.05
5106,0.03
5107,0.01
5108,0.03
5109,0.01
5110,0.05
5111,0.01
5112,0.03
5113,0.03
5114,0.01
5115,0.01
5116,0.03
5117,0.05
5118,0.03
5119,0.03
5120,0.05
5121,0.05
5122,0.01
5123,0.05
5124,0.01
5125,0.05
5126,0.03
5127,
5128,0.01
5129,0.05
5130,0.01
5131,0.01
5132,0.03
5133,0.01
5134,0.07
5135,0.03
5136,0.01
5137,0.01
5138,0.03
5139,0.03
5140,0.01
5141,0.03
5142,0.03
5143,0.01
5144,0.01
5145,0.03
5146,0.01
5147,0.03
5148,0.05
5149,0.03
5150,0.03
5151,0.01
5152,0.03
5153,0.03
5154,0.01
5155,0.03
5156,0.03
5157,0.03
5158,0.01
5159,0.03
5160,0.01
5161,0.01
5162,0.03
5163,0.03
5164,0.03
5165,0.01
5166,0.03
5167,0.01
5168,0.03
5169,0.03
5170,0.03
5171,0.03
5172,0.01
5173,0.01
5174,0.01
5175,0.01
5176,0.03
5177,0.01
5178,0.03
5179,0.03
5180,0.03
5181,0.03
5182,0.01
5183,0.01
5184,0.03
5185,0.05
5186,0.03
5187,0.01
5188,0.01
5189,0.01
5190,0.01
5191,0.01
5192,0.01
5193,0.03
5194,0.01
5195,0.01
5196,0.01
5197,0.01
5198,0.03
5199,0.01
5200,0.03
5201,0.05
5202,0.05
5203,0.05
5204,0.05
5205,0.03
5206,0.01
5207,0.03
5208,0.03
5209,0.07
5210,0.03
5211,0.01
5212,0.01
5213,0.05
5214,0.05
5215,0.03
5216,0.01
5217,0.01
5218,0.01
5219,0.01
5220,0.01
5221,0.03
5222,0.01
5223,0.03
5224,0.01
5225,0.01
5226,0.03
5227,0.03
5228,0.05
5229,0.03
5230,0.01
5231,0.03
5232,0.05
5233,0.03
5234,0.01
5235,0.01
5236,0.03
5237,0.05
5238,0.05
5239,0.05
5240,0.05
5241,0.01
5242,0.05
5243,0.07
5244,0.03
5245,0.01
5246,0.03
5247,0.03
5248,0.03
5249,0.03
5250,0.01
5251,0.01
5252,0.03
5253,0.05
5254,0.05
5255,0.03
5256,0.03
5257,0.03
5258,0.05
5259,0.01
5260,0.07
5261,0.05
5262,0.01
5263,0.01
5264,0.07
5265,0.05
5266,0.01
5267,0.03
5268,0.03
5269,0.03
5270,0.03
5271,0.05
5272,0.03
5273,0.05
5274,0.03
5275,0.01
5276,0.03
5277,0.07
5278,0.05
5279,0.03
5280,0.01
5281,0.03
5282,0.01
5283,0.01
5284,0.01
5285,0.03
5286,0.01
5287,0.01
5288,0.01
5289,0.03
5290,0.01
5291,0.03
5292,0.03
5293,0.05
5294,0.03
5295,0.03
5296,0.01
5297,0.03
5298,0.01
5299,0.01
5300,0.05
5301,0.01
5302,0.01
5303,0.01
5304,0.01
5305,0.01
5306,0.01
5307,0.01
5308,0.01
5309,0.01
5310,0.03
5311,0.01
5312,0.01
5313,0.05
5314,0.05
5315,0.05
5316,0.05
5317,0.01
5318,0.07
5319,
5320,0.03
5321,0.05
5322,0.03
5323,0.01
5324,0.03
5325,0.01
5326,0.03
5327,0.03
5328,0.03
5329,0.03
5330,0.01
5331,0.01
5332,0.01
5333,0.03
5334,0.03
5335,0.03
5336,0.01
5337,0.01
5338,0.03
5339,0.03
5340,0.01
5341,0.03
5342,0.01
5343,0.05
5344,0.03
5345,0.01
5346,0.01
5347,0.01
5348,0.01
5349,0.05
5350,0.07
5351,0.05
5352,0.03
5353,0.01
5354,0.01
5355,0.01
5356,0.01
5357,0.01
5358,0.05
5359,0.01
5360,0.01
5361,0.01
5362,0.01
5363,0.01
5364,0.03
5365,0.05
5366,0.05
5367,0.03
5368,0.05
5369,0.03
5370,0.05
5371,0.03
5372,0.01
5373,0.03
5374,0.03
5375,0.01
5376,0.03
5377,0.03
5378,0.03
5379,0.05
5380,0.07
5381,0.05
5382,0.05
5383,0.01
5384,0.05
5385,0.07
5386,0.07
5387,
5388,0.03
5389,0.01
5390,0.01
5391,0.03
5392,0.01
5393,0.03
5394,0.03
5395,0.07
5396,0.07
5397,
5398,0.05
5399,0.05
5400,0.03
5401,0.01
5402,0.01
5403,0.05
5404,0.05
5405,0.05
5406,0.07
5407,0.01
5408,0.05
5409,0.01
5410,0.03
5411,0.03
5412,0.03
5413,0.03
5414,0.03
5415,0.03
5416,0.05
5417,0.05
5418,0.01
5419,0.03
5420,0.05
5421,0.01
5422,
5423,
5424,
5425,0.07
5426,0.03
5427,0.07
5428,0.01
5429,0.01
5430,0.01
5431,0.03
5432,0.07
5433,0.03
5434,0.01
5435,0.01
5436,0.03
5437,0.03
5438,0.03
5439,0.05
5440,0.01
5441,0.05
5442,0.01
5443,0.01
5444,0.05
5445,0.05
5446,
5447,
5448,
5449,0.07
5450,0.01
5451,0.03
5452,0.01
5453,0.03
5454,0.01
5455,0.03
5456,0.07
5457,0.01
5458,0.03
5459,0.03
5460,0.01
5461,0.01
5462,0.03
5463,0.03
5464,0.03
5465,0.03
5466,0.03
5467,0.01
5468,0.01
5469,0.07
5470,0.03
5471,0.01
5472,0.03
5473,0.01
5474,0.03
5475,0.01
5476,0.01
5477,0.01
5478,0.03
5479,0.03
5480,0.05
5481,0.03
5482,0.03
5483,0.05
5484,0.03
5485,0.01
5486,0.03
5487,0.03
5488,0.01
5489,0.01
5490,0.03
5491,0.01
5492,0.03
5493,0.03
5494,0.03
5495,0.03
5496,0.03
5497,0.03
5498,0.01
5499,0.01
5500,0.01
5501,0.03
5502,0.05
5503,0.03
5504,0.03
5505,0.07
5506,0.01
5507,0.05
5508,0.07
5509,0.03
5510,0.01
5511,0.01
5512,0.03
5513,
5514,0.01
5515,0.01
5516,0.03
5517,0.01
5518,0.01
5519,0.01
5520,0.01
5521,0.03
5522,0.03
5523,0.03
5524,0.05
5525,0.01
5526,0.01
5527,0.01
5528,0.07
5529,0.01
5530,0.03
5531,0.01
5532,0.03
5533,0.01
5534,0.03
5535,0.07
5536,0.03
5537,0.01
5538,0.01
5539,0.01
5540,0.01
5541,0.01
5542,0.01
5543,0.01
5544,0.01
5545,0.07
5546,0.07
5547,0.05
5548,0.05
5549,0.07
5550,0.05
5551,0.01
5552,0.03
5553,
5554,0.07
5555,0.01
5556,0.05
5557,0.03
5558,0.01
5559,0.03
5560,0.01
5561,0.03
5562,0.05
5563,0.07
5564,0.07
5565,0.01
5566,0.03
5567,0.03
5568,0.01
5569,0.01
5570,0.01
5571,0.03
5572,0.03
5573,0.03
5574,0.01
5575,0.03
5576,0.01
5577,0.01
5578,0.03
5579,0.03
5580,0.01
5581,0.05
5582,0.03
5583,0.01
5584,0.01
5585,0.01
5586,0.01
5587,0.01
5588,0.01
5589,0.03
5590,0.07
5591,0.07
5592,0.07
5593,0.03
5594,0.03
5595,0.01
5596,0.05
5597,0.05
5598,0.01
5599,0.05
5600,0.07
5601,0.05
5602,0.07
5603,0.03
5604,0.01
5605,0.03
5606,0.05
5607,0.03
5608,0.03
5609,0.07
5610,0.07
5611,0.03
5612,0.01
5613,0.07
5614,0.07
5615,0.07
5616,0.07
5617,0.05
5618,0.01
5619,0.01
5620,0.05
5621,0.03
5622,0.01
5623,0.03
5624,
5625,0.03
5626,0.05
5627,0.03
5628,0.03
5629,0.03
5630,0.03
5631,
5632,0.03
5633,0.01
5634,0.03
5635,0.05
5636,0.03
5637,0.03
5638,0.07
5639,0.05
5640,0.05
5641,0.01
5642,0.03
5643,0.03
5644,0.03
5645,0.01
5646,0.01
5647,0.03
5648,0.07
5649,0.03
5650,0.01
5651,0.03
5652,0.03
5653,0.01
5654,0.01
5655,0.01
5656,0.03
5657,0.01
5658,0.01
5659,0.03
5660,0.03
5661,0.03
5662,0.03
5663,0.01
5664,0.01
5665,0.01
5666,0.01
5667,0.01
5668,0.01
5669,0.01
5670,0.01
5671,0.01
5672,0.03
5673,0.03
5674,0.03
5675,0.03
5676,0.01
5677,0.03
5678,0.01
5679,0.01
5680,0.03
5681,0.07
5682,0.01
5683,0.03
5684,0.01
5685,0.01
5686,0.01
5687,0.01
5688,0.01
5689,0.01
5690,0.01
5691,0.01
5692,0.03
5693,0.01
5694,0.01
5695,0.01
5696,0.01
5697,0.05
5698,0.03
5699,0.03
5700,0.01
5701,0.01
5702,0.01
5703,0.01
5704,0.03
5705,0.03
5706,0.07
5707,0.07
5708,0.05
5709,0.03
5710,0.03
5711,0.03
5712,0.05
5713,0.05
5714,0.01
5715,0.01
5716,0.03
5717,0.05
5718,0.07
5719,0.01
5720,0.05
5721,0.03
5722,0.03
5723,0.03
5724,
5725,0.05
5726,0.03
5727,0.01
5728,0.03
5729,0.03
5730,0.05
5731,0.07
5732,0.05
5733,0.01
5734,
5735,
5736,0.05
5737,0.05
5738,0.03
5739,0.07
5740,0.05
5741,0.05
5742,0.01
5743,0.05
5744,0.01
5745,0.05
5746,0.05
5747,0.05
5748,0.01
5749,0.01
5750,0.01
5751,0.01
5752,0.03
5753,0.03
5754,0.05
5755,0.01
5756,0.03
5757,0.05
5758,0.05
5759,0.07
5760,0.03
5761,0.01
5762,0.01
5763,0.01
5764,0.03
5765,0.03
5766,0.03
5767,0.03
5768,0.01
5769,0.07
5770,0.05
5771,0.07
5772,0.03
5773,0.05
5774,0.03
5775,0.05
5776,0.07
5777,0.05
5778,0.03
5779,0.01
5780,0.03
5781,0.07
5782,0.07
5783,0.03
5784,0.03
5785,0.05
5786,0.01
5787,0.03
5788,0.03
5789,0.05
5790,0.01
5791,0.05
5792,
5793,0.03
5794,0.01
5795,0.03
5796,0.01
5797,0.03
5798,0.01
5799,0.03
5800,0.07
5801,0.03
5802,0.03
5803,0.03
5804,0.01
5805,0.07
5806,0.05
5807,0.05
5808,0.05
5809,0.03
5810,0.03
5811,0.05
5812,0.05
5813,0.05
5814,0.01
5815,0.01
5816,0.01
5817,0.05
5818,
5819,0.05
5820,0.05
5821,0.01
5822,0.01
5823,0.01
5824,0.03
5825,0.01
5826,0.03
5827,0.05
5828,0.03
5829,0.01
5830,0.01
5831,0.01
5832,0.01
5833,0.01
5834,0.01
5835,0.01
5836,0.01
5837,0.01
5838,0.01
5839,0.03
5840,0.01
5841,0.03
5842,0.01
5843,0.03
5844,0.03
5845,0.01
5846,0.01
5847,0.01
5848,0.03
5849,0.03
5850,0.01
5851,0.01
5852,0.01
5853,0.03
5854,0.03
5855,0.01
5856,0.03
5857,0.01
5858,0.01
5859,0.01
5860,0.03
5861,0.01
5862,0.01
5863,0.03
5864,0.01
5865,0.01
5866,0.03
5867,0.03
5868,0.01
5869,0.03
5870,0.01
5871,0.03
5872,0.01
5873,0.01
5874,0.05
5875,0.03
5876,0.01
5877,0.01
5878,0.01
5879,0.01
5880,0.03
5881,0.03
5882,0.03
5883,0.03
5884,0.03
5885,0.01
5886,0.05
5887,0.03
5888,0.05
5889,0.05
5890,0.01
5891,0.01
5892,0.05
5893,0.05
5894,0.05
5895,0.03
5896,0.01
5897,0.03
5898,0.01
5899,0.03
5900,0.01
5901,0.03
5902,
5903,0.07
5904,0.05
5905,0.05
5906,0.03
5907,0.01
5908,0.05
5909,0.07
5910,0.03
5911,0.01
5912,0.05
5913,0.03
5914,0.03
5915,0.03
5916,0.03
5917,0.01
5918,0.01
5919,0.03
5920,0.03
5921,0.05
5922,0.01
5923,0.01
5924,0.03
5925,0.01
5926,0.03
5927,0.07
5928,0.07
5929,0.03
5930,0.03
5931,0.03
5932,0.03
5933,0.03
5934,0.01
5935,0.03
5936,0.03
5937,0.07
5938,0.03
5939,0.01
5940,0.01
5941,0.01
5942,0.01
5943,0.01
5944,0.03
5945,0.05
5946,0.03
5947,0.03
5948,0.01
5949,0.07
5950,0.03
5951,0.03
5952,0.03
5953,0.01
5954,0.01
5955,0.01
5956,0.01
5957,0.01
5958,0.01
5959,0.01
5960,0.05
5961,0.05
5962,0.03
5963,0.03
5964,0.01
5965,0.03
5966,0.01
5967,0.01
5968,0.03
5969,0.03
5970,0.03
5971,0.01
5972,0.03
5973,0.05
5974,0.01
5975,0.01
5976,0.03
5977,0.01
5978,0.03
5979,0.03
5980,0.03
5981,0.01
5982,0.03
5983,0.01
5984,0.05
5985,0.05
5986,0.05
5987,0.03
5988,0.01
5989,0.01
5990,0.03
5991,0.03
5992,0.03
5993,0.01
5994,0.03
5995,0.01
5996,0.03
5997,0.01
5998,0.03
5999,0.03
6000,0.01
6001,0.01
6002,0.01
6003,0.03
6004,0.01
6005,0.01
6006,0.01
6007,0.03
6008,0.03
6009,0.05
6010,0.03
6011,0.03
6012,0.03
6013,0.03
6014,0.01
6015,0.05
6016,0.01
6017,0.01
6018,0.01
6019,0.01
6020,0.03
6021,0.03
6022,0.03
6023,0.01
6024,0.03
6025,0.01
6026,0.01
6027,0.01
6028,0.03
6029,0.01
6030,0.01
6031,0.03
6032,0.01
6033,0.07
6034,0.07
6035,0.03
6036,0.01
6037,0.03
6038,0.03
6039,0.01
6040,0.01
6041,0.01
6042,0.03
6043,0.05
6044,0.05
6045,0.03
6046,0.03
6047,0.03
6048,0.03
6049,
6050,
6051,0.07
6052,0.05
6053,0.05
6054,0.03
6055,0.01
6056,0.01
6057,0.05
6058,0.01
6059,0.01
6060,0.01
6061,0.03
6062,0.01
6063,0.01
6064,0.03
6065,0.01
6066,0.03
6067,0.07
6068,0.07
6069,0.03
6070,0.03
6071,0.07
6072,0.03
6073,0.03
6074,0.03
6075,0.03
6076,0.03
6077,0.03
6078,0.07
6079,0.01
6080,0.01
6081,0.07
6082,0.05
6083,0.05
6084,0.03
6085,0.05
6086,0.03
6087,0.01
6088,0.03
6089,0.03
6090,0.01
6091,0.01
6092,0.01
6093,0.03
6094,0.03
6095,
6096,
6097,0.03
6098,0.01
6099,0.03
6100,0.03
6101,0.01
6102,0.03
6103,0.03
6104,0.03
6105,0.03
6106,0.03
6107,0.03
6108,0.01
6109,0.03
6110,0.01
6111,0.03
6112,0.03
6113,0.03
6114,0.01
6115,0.03
6116,0.03
6117,0.05
6118,0.01
6119,0.03
6120,0.01
6121,0.03
6122,0.03
6123,0.03
6124,0.05
6125,0.01
6126,0.01
6127,0.01
6128,0.03
6129,0.01
6130,0.01
6131,0.03
6132,0.03
6133,0.01
6134,0.03
6135,0.03
6136,0.01
6137,0.01
6138,0.01
6139,0.01
6140,0.01
6141,0.01
6142,0.01
6143,0.01
6144,0.03
6145,0.01
6146,0.01
6147,0.01
6148,0.01
6149,0.01
6150,0.01
6151,0.01
6152,0.01
6153,0.03
6154,0.03
6155,0.01
6156,0.01
6157,0.01
6158,0.01
6159,0.05
6160,0.01
6161,0.01
6162,0.03
6163,0.03
6164,0.03
6165,0.05
6166,0.05
6167,0.01
6168,0.01
6169,0.01
6170,0.03
6171,0.03
6172,0.01
6173,0.01
6174,0.01
6175,0.01
6176,0.03
6177,0.01
6178,0.05
6179,0.03
6180,0.03
6181,0.01
6182,0.03
6183,0.01
6184,0.01
6185,0.03
6186,0.03
6187,0.03
6188,0.01
6189,0.03
6190,0.03
6191,0.03
6192,0.03
6193,0.03
6194,0.03
6195,0.03
6196,0.03
6197,0.01
6198,0.03
6199,0.03
6200,0.01
6201,0.07
6202,0.03
6203,0.01
6204,0.01
6205,0.01
6206,0.03
6207,0.01
6208,0.03
6209,0.03
6210,0.07
6211,0.07
6212,0.05
6213,0.07
6214,0.03
6215,0.01
6216,0.01
6217,
6218,
6219,0.07
6220,0.05
6221,0.05
6222,0.07
6223,0.03
6224,0.03
6225,0.03
6226,0.03
6227,0.05
6228,0.05
6229,0.03
6230,0.03
6231,0.01
6232,0.03
6233,0.03
6234,
6235,0.05
6236,0.03
6237,0.01
6238,0.01
6239,0.01
6240,0.01
6241,0.01
6242,0.03
6243,0.01
6244,0.05
6245,0.07
6246,
6247,0.05
6248,0.01
6249,0.01
6250,0.03
6251,0.01
6252,0.01
6253,0.01
6254,0.03
6255,0.03
6256,0.03
6257,0.03
6258,0.01
6259,0.01
6260,0.01
6261,0.03
6262,0.07
6263,0.01
6264,0.01
6265,0.01
6266,0.03
6267,0.01
6268,0.03
6269,0.03
6270,0.03
6271,0.01
6272,0.03
6273,0.05
6274,0.03
6275,0.03
6276,0.01
6277,0.01
6278,0.05
6279,
6280,0.03
6281,0.03
6282,0.05
6283,0.05
6284,0.05
6285,0.03
6286,0.01
6287,0.03
6288,0.03
6289,0.01
6290,0.03
6291,0.03
6292,0.01
6293,0.01
6294,0.01
6295,0.01
6296,0.01
6297,0.01
6298,0.05
6299,0.03
6300,0.01
6301,0.01
6302,0.01
6303,0.01
6304,0.01
6305,0.01
6306,0.05
6307,0.03
6308,0.03
6309,0.01
6310,0.01
6311,0.01
6312,0.01
6313,0.01
6314,0.01
6315,0.01
6316,0.01
6317,0.01
6318,0.01
6319,0.01
6320,0.01
6321,0.03
6322,0.03
6323,0.01
6324,0.01
6325,0.05
6326,0.03
6327,0.05
6328,0.03
6329,0.03
6330,0.03
6331,0.01
6332,0.01
6333,0.03
6334,0.05
6335,0.03
6336,0.03
6337,0.03
6338,0.01
6339,0.03
6340,0.03
6341,0.01
6342,0.01
6343,0.01
6344,0.03
6345,0.05
6346,0.05
6347,0.03
6348,0.03
6349,0.01
6350,0.01
6351,0.03
6352,0.01
6353,0.03
6354,0.03
6355,0.03
6356,0.03
6357,0.01
6358,0.01
6359,0.03
6360,0.01
6361,0.01
6362,0.01
6363,0.01
6364,0.03
6365,0.03
6366,0.01
6367,0.05
6368,0.05
6369,0.05
6370,0.05
6371,0.01
6372,0.01
6373,0.05
6374,0.03
6375,0.03
6376,0.05
6377,0.05
6378,0.05
6379,0.03
6380,0.03
6381,0.01
6382,0.03
6383,0.01
6384,0.01
6385,0.03
6386,0.03
6387,0.05
6388,0.03
6389,0.05
6390,0.05
6391,0.03
6392,0.01
6393,0.07
6394,
6395,0.07
6396,0.07
6397,0.03
6398,0.03
6399,0.03
6400,0.01
6401,0.01
6402,0.05
6403,0.07
6404,0.07
6405,0.01
6406,0.03
6407,0.01
6408,0.03
6409,0.01
6410,0.01
6411,0.03
6412,0.05
6413,0.05
6414,0.01
6415,0.03
6416,0.01
6417,
6418,0.01
6419,0.03
6420,0.05
6421,0.01
6422,0.05
6423,0.03
6424,0.03
6425,0.01
6426,0.01
6427,0.01
6428,0.01
6429,0.01
6430,0.07
6431,
6432,0.07
6433,0.01
6434,0.03
6435,0.03
6436,0.05
6437,0.01
6438,0.03
6439,0.01
6440,0.05
6441,0.01
6442,0.03
6443,0.03
6444,0.01
6445,0.01
6446,0.03
6447,0.01
6448,0.03
6449,0.01
6450,0.01
6451,0.03
6452,0.03
6453,0.03
6454,0.07
6455,0.07
6456,0.01
6457,0.03
6458,0.01
6459,0.01
6460,0.03
6461,0.03
6462,0.01
6463,0.01
6464,0.03
6465,0.03
6466,0.03
6467,0.03
6468,0.03
6469,0.01
6470,0.01
6471,0.01
6472,0.05
6473,0.03
6474,0.01
6475,0.01
6476,0.03
6477,0.03
6478,0.03
6479,0.03
6480,0.03
6481,0.03
6482,0.03
6483,0.03
6484,0.03
6485,0.01
6486,0.01
6487,0.05
6488,0.07
6489,0.05
6490,0.05
6491,0.01
6492,0.01
6493,0.03
6494,0.07
6495,0.03
6496,0.03
6497,0.01
6498,0.01
6499,0.01
6500,0.05
6501,0.01
6502,0.03
6503,0.03
6504,0.01
6505,0.05
6506,0.03
6507,0.01
6508,0.03
6509,0.05
6510,0.03
6511,0.03
6512,0.03
6513,0.07
6514,0.03
6515,0.03
6516,0.01
6517,0.07
6518,0.05
6519,0.03
6520,0.01
6521,0.01
6522,0.01
6523,0.03
6524,0.01
6525,0.01
6526,0.03
6527,0.03
6528,0.01
6529,0.01
6530,0.03
6531,0.01
6532,0.05
6533,0.01
6534,0.03
6535,0.01
6536,0.01
6537,
6538,
6539,0.03
6540,0.05
6541,0.01
6542,0.01
6543,0.01
6544,0.03
6545,0.05
6546,0.07
6547,0.03
6548,0.01
6549,0.03
6550,0.01
6551,0.01
6552,0.01
6553,0.03
6554,0.01
6555,0.05
6556,0.05
6557,0.05
6558,0.05
6559,0.01
6560,0.03
6561,0.01
6562,0.01
6563,0.01
6564,0.03
6565,0.01
6566,0.01
6567,0.03
6568,0.01
6569,0.03
6570,0.01
6571,0.03
6572,0.03
6573,0.01
6574,0.03
6575,0.03
6576,0.03
6577,0.05
6578,0.05
6579,0.05
6580,0.07
6581,
6582,0.05
6583,0.01
6584,0.03
6585,0.01
6586,0.01
6587,0.01
6588,0.03
6589,0.01
6590,0.03
6591,0.01
6592,0.03
6593,0.03
6594,0.03
6595,0.01
6596,0.03
6597,0.05
6598,0.03
6599,0.03
6600,0.05
6601,0.05
6602,0.03
6603,0.05
6604,0.03
6605,0.01
6606,0.01
6607,0.01
6608,0.03
6609,0.03
6610,0.03
6611,0.01
6612,0.01
6613,0.01
6614,0.01
6615,0.03
6616,0.03
6617,0.03
6618,0.03
6619,0.05
6620,0.01
6621,0.03
6622,0.01
6623,0.03
6624,0.03
6625,0.03
6626,0.01
6627,0.03
6628,0.05
6629,0.01
6630,0.01
6631,0.01
6632,0.03
6633,0.01
6634,0.03
6635,0.03
6636,0.03
6637,0.01
6638,0.01
6639,0.01
6640,0.01
6641,0.05
6642,0.03
6643,0.03
6644,0.01
6645,0.01
6646,0.05
6647,0.03
6648,0.01
6649,0.01
6650,0.01
6651,0.01
6652,0.03
6653,0.01
6654,0.01
6655,0.03
6656,0.01
6657,0.03
6658,0.01
6659,0.01
6660,0.01
6661,0.05
6662,0.03
6663,0.01
6664,0.01
6665,0.03
6666,0.01
6667,0.01
6668,0.03
6669,0.03
6670,0.03
6671,0.01
6672,0.01
6673,0.03
6674,0.01
6675,0.01
6676,0.01
6677,0.01
6678,0.01
6679,0.03
6680,0.03
6681,0.05
6682,0.05
6683,0.03
6684,0.01
6685,0.01
6686,0.03
6687,0.01
6688,0.01
6689,0.01
6690,0.01
6691,0.03
6692,0.01
6693,0.03
6694,0.03
6695,0.03
6696,0.03
6697,0.03
6698,0.03
6699,0.03
6700,0.01
6701,0.03
6702,0.03
6703,0.03
6704,0.01
6705,
6706,0.03
6707,0.01
6708,0.03
6709,0.01
6710,0.01
6711,0.01
6712,0.03
6713,0.01
6714,0.05
6715,0.05
6716,0.03
6717,0.03
6718,0.03
6719,0.03
6720,0.01
6721,0.01
6722,0.01
6723,0.01
6724,0.05
6725,0.03
6726,0.03
6727,0.03
6728,0.03
6729,
6730,0.03
6731,0.01
6732,0.03
6733,0.01
6734,0.01
6735,0.03
6736,0.01
6737,0.03
6738,0.01
6739,0.01
6740,0.05
6741,0.05
6742,0.05
6743,0.03
6744,0.05
6745,0.01
6746,0.01
6747,0.03
6748,0.03
6749,0.03
6750,0.01
6751,0.01
6752,0.03
6753,0.07
6754,0.03
6755,0.01
6756,0.01
6757,0.01
6758,0.03
6759,0.03
6760,0.03
6761,0.03
6762,0.01
6763,0.03
6764,0.03
6765,0.07
6766,0.05
6767,0.03
6768,0.03
6769,0.03
6770,0.01
6771,0.01
6772,0.01
6773,0.01
6774,0.01
6775,0.03
6776,0.03
6777,0.03
6778,0.03
6779,0.03
6780,0.03
6781,0.03
6782,0.01
6783,0.03
6784,0.01
6785,0.01
6786,0.03
6787,0.05
6788,0.03
6789,0.03
6790,0.03
6791,0.03
6792,0.03
6793,0.01
6794,0.01
6795,0.05
6796,0.03
6797,0.01
6798,0.01
6799,0.01
6800,0.03
6801,0.03
6802,0.03
6803,0.01
6804,0.01
6805,0.01
6806,0.01
6807,0.01
6808,0.01
6809,0.01
6810,0.01
6811,0.03
6812,0.01
6813,0.03
6814,0.03
6815,0.01
6816,0.01
6817,0.01
6818,0.01
6819,0.01
6820,0.03
6821,0.03
6822,0.01
6823,0.01
6824,0.01
6825,0.01
6826,0.01
6827,0.01
6828,0.01
6829,0.01
6830,0.01
6831,0.03
6832,0.01
6833,0.01
6834,0.01
6835,0.01
6836,0.01
6837,0.03
6838,0.01
6839,0.01
6840,0.01
6841,0.01
6842,0.01
6843,0.01
6844,0.01
6845,0.01
6846,0.01
6847,0.01
6848,0.03
6849,0.01
6850,0.05
6851,0.03
6852,0.01
6853,0.03
6854,0.03
6855,0.01
6856,0.03
6857,0.01
6858,0.01
6859,0.01
6860,0.03
6861,0.03
6862,0.03
6863,0.03
6864,0.01
6865,0.01
6866,0.01
6867,0.01
6868,0.03
6869,0.01
6870,0.01
6871,0.03
6872,0.01
6873,0.01
6874,0.03
6875,0.05
6876,0.03
6877,0.01
6878,0.01
6879,0.03
6880,0.05
6881,0.01
6882,0.03
6883,0.03
6884,0.03
6885,0.03
6886,0.03
6887,0.01
6888,0.03
6889,0.01
6890,0.01
6891,0.01
6892,0.03
6893,0.03
6894,0.01
6895,0.01
6896,0.03
6897,0.07
6898,0.03
6899,0.03
6900,0.03
6901,0.05
6902,0.03
6903,0.05
6904,0.03
6905,0.03
6906,0.01
6907,0.03
6908,0.03
6909,0.03
6910,0.07
6911,0.05
6912,0.03
6913,0.01
6914,0.03
6915,0.03
6916,0.01
6917,0.01
6918,0.03
6919,0.03
6920,0.03
6921,0.07
6922,0.01
6923,0.01
6924,0.03
6925,0.01
6926,0.03
6927,0.01
6928,0.03
6929,0.05
6930,0.01
6931,0.03
6932,0.03
6933,0.07
6934,0.07
6935,0.07
6936,0.01
6937,0.01
6938,0.01
6939,0.01
6940,0.03
6941,0.01
6942,0.03
6943,0.01
6944,0.03
6945,0.05
6946,0.05
6947,0.01
6948,0.01
6949,0.01
6950,0.01
6951,0.03
6952,0.03
6953,0.03
6954,0.03
6955,0.05
6956,0.03
6957,0.03
6958,0.01
6959,0.03
6960,0.03
6961,0.03
6962,0.01
6963,0.03
6964,0.01
6965,0.01
6966,0.01
6967,0.01
6968,0.03
6969,0.01
6970,0.05
6971,0.03
6972,0.01
6973,0.01
6974,0.03
6975,0.03
6976,0.05
6977,0.01
6978,0.03
6979,0.03
6980,0.01
6981,0.03
6982,0.01
6983,0.01
6984,0.03
6985,0.01
6986,0.01
6987,0.01
6988,0.01
6989,0.03
6990,0.03
6991,0.01
6992,0.03
6993,0.07
6994,0.03
6995,0.03
6996,0.03
6997,0.01
6998,0.03
6999,0.01
7000,0.03
7001,0.01
7002,0.01
7003,0.05
7004,0.03
7005,0.01
7006,0.01
7007,0.01
7008,0.01
7009,0.01
7010,0.03
7011,0.03
7012,0.01
7013,0.03
7014,0.01
7015,0.01
7016,0.01
7017,0.07
7018,
7019,0.05
7020,0.01
7021,0.03
7022,0.05
7023,0.03
7024,0.03
7025,0.01
7026,0.03
7027,0.01
7028,0.03
7029,0.01
7030,0.01
7031,0.01
7032,0.01
7033,0.01
7034,0.01
7035,0.01
7036,0.03
7037,0.01
7038,0.03
7039,0.03
7040,0.03
7041,0.05
7042,0.07
7043,0.05
7044,0.01
7045,0.03
7046,0.01
7047,0.01
7048,0.03
7049,0.01
7050,0.03
7051,0.03
7052,0.01
7053,0.01
7054,0.01
7055,0.03
7056,0.03
7057,0.03
7058,0.01
7059,0.01
7060,0.01
7061,0.03
7062,0.01
7063,0.03
7064,0.01
7065,
7066,
7067,0.07
7068,0.05
7069,0.03
7070,0.01
7071,0.03
7072,0.01
7073,0.03
7074,0.01
7075,0.03
7076,0.05
7077,0.03
7078,0.01
7079,0.01
7080,0.01
7081,0.05
7082,0.05
7083,0.03
7084,0.07
7085,
7086,0.05
7087,0.03
7088,
7089,0.03
7090,0.01
7091,0.01
7092,0.03
7093,0.01
7094,0.01
7095,0.01
7096,0.05
7097,0.05
7098,0.01
7099,0.01
7100,0.05
7101,0.03
7102,0.03
7103,0.01
7104,0.01
7105,0.01
7106,0.05
7107,0.01
7108,0.03
7109,0.01
7110,0.01
7111,0.03
7112,0.05
7113,0.01
7114,0.03
7115,0.01
7116,0.03
7117,0.03
7118,0.01
7119,0.05
7120,0.03
7121,0.01
7122,0.01
7123,0.03
7124,0.03
7125,0.01
7126,0.01
7127,0.03
7128,0.03
7129,0.01
7130,0.01
7131,0.01
7132,0.01
7133,0.01
7134,0.01
7135,0.03
7136,0.03
7137,0.01
7138,0.03
7139,0.01
7140,0.03
7141,0.03
7142,0.01
7143,0.01
7144,0.01
7145,0.01
7146,0.01
7147,0.01
7148,0.01
7149,0.01
7150,0.01
7151,0.01
7152,0.01
7153,0.03
7154,0.03
7155,0.01
7156,0.03
7157,0.01
7158,0.01
7159,0.01
7160,0.03
7161,0.05
7162,0.03
7163,0.05
7164,0.01
7165,0.01
7166,0.01
7167,0.01
7168,0.01
7169,0.01
7170,0.03
7171,0.01
7172,0.01
7173,0.03
7174,0.03
7175,0.03
7176,0.01
7177,0.03
7178,0.01
7179,0.01
7180,0.01
7181,0.01
7182,0.01
7183,0.01
7184,0.03
7185,0.07
7186,0.01
7187,0.01
7188,0.03
7189,0.01
7190,0.03
7191,0.01
7192,0.01
7193,0.01
7194,0.03
7195,0.01
7196,0.01
7197,0.03
7198,0.01
7199,0.01
7200,0.01
7201,0.03
7202,0.01
7203,0.01
7204,0.01
7205,0.01
7206,0.01
7207,0.01
7208,0.01
7209,0.03
7210,0.03
7211,0.01
7212,0.01
7213,0.03
7214,0.03
7215,0.03
7216,0.03
7217,0.01
7218,0.05
7219,0.05
7220,0.01
7221,0.01
7222,0.01
7223,0.01
7224,0.03
7225,0.01
7226,0.03
7227,0.03
7228,0.03
7229,0.03
7230,0.03
7231,0.05
7232,0.03
7233,
7234,0.07
7235,0.05
7236,0.01
7237,0.01
7238,0.01
7239,0.07
7240,0.01
7241,0.03
7242,0.03
7243,0.03
7244,0.03
7245,0.01
7246,0.01
7247,0.03
7248,0.01
7249,0.03
7250,0.01
7251,0.01
7252,0.03
7253,0.01
7254,0.01
7255,0.03
7256,0.01
7257,0.07
7258,0.03
7259,0.01
7260,0.03
7261,0.01
7262,0.03
7263,0.03
7264,0.03
7265,0.03
7266,0.01
7267,0.01
7268,0.03
7269,0.03
7270,0.01
7271,0.01
7272,0.01
7273,0.01
7274,0.01
7275,0.03
7276,0.05
7277,0.01
7278,0.01
7279,0.01
7280,0.03
7281,0.03
7282,0.05
7283,0.01
7284,0.01
7285,0.01
7286,0.03
7287,0.03
7288,0.03
7289,0.03
7290,0.01
7291,0.01
7292,0.01
7293,0.01
7294,0.03
7295,0.03
7296,0.03
7297,0.01
7298,0.01
7299,0.01
7300,0.03
7301,0.01
7302,0.01
7303,0.03
7304,0.03
7305,0.01
7306,0.03
7307,0.01
7308,0.01
7309,0.01
7310,0.01
7311,0.01
7312,0.03
7313,0.03
7314,0.03
7315,0.03
7316,0.03
7317,0.01
7318,0.01
7319,0.03
7320,0.01
7321,0.03
7322,0.03
7323,0.03
7324,0.01
7325,0.01
7326,0.01
7327,0.03
7328,0.05
7329,0.03
7330,0.03
7331,0.01
7332,0.01
7333,0.03
7334,0.01
7335,0.03
7336,0.03
7337,0.01
7338,0.03
7339,0.01
7340,0.05
7341,0.01
7342,0.01
7343,0.01
7344,0.01
7345,0.01
7346,0.01
7347,0.03
7348,0.01
7349,0.01
7350,0.03
7351,0.03
7352,0.03
7353,0.07
7354,0.01
7355,0.03
7356,0.01
7357,0.05
7358,0.01
7359,0.03
7360,0.01
7361,0.01
7362,0.03
7363,0.03
7364,0.01
7365,0.05
7366,0.03
7367,0.03
7368,0.01
7369,0.03
7370,0.03
7371,0.01
7372,0.01
7373,0.01
7374,0.03
7375,0.01
7376,0.01
7377,0.03
7378,0.05
7379,0.03
7380,0.01
7381,0.01
7382,0.03
7383,0.01
7384,0.03
7385,0.01
7386,0.03
7387,0.01
7388,0.05
7389,0.03
7390,0.05
7391,0.01
7392,0.01
7393,0.03
7394,0.03
7395,0.03
7396,0.03
7397,0.03
7398,0.05
7399,0.03
7400,0.07
7401,0.07
7402,0.07
7403,0.03
7404,0.03
7405,0.03
7406,0.01
7407,0.03
7408,0.03
7409,0.01
7410,0.03
7411,0.03
7412,0.05
7413,0.03
7414,0.03
7415,0.03
7416,0.03
7417,0.01
7418,0.01
7419,0.03
7420,0.05
7421,0.07
7422,0.05
7423,0.01
7424,0.05
7425,0.03
7426,0.01
7427,0.01
7428,0.03
7429,0.03
7430,0.01
7431,0.01
7432,0.03
7433,
7434,0.05
7435,0.05
7436,0.05
7437,0.05
7438,0.05
7439,0.03
7440,0.05
7441,0.03
7442,0.05
7443,0.03
7444,0.03
7445,0.03
7446,0.03
7447,0.01
7448,0.01
7449,0.03
7450,0.01
7451,0.03
7452,0.03
7453,0.01
7454,0.03
7455,0.01
7456,0.05
7457,0.01
7458,0.05
7459,0.01
7460,0.03
7461,0.03
7462,0.03
7463,0.01
7464,0.01
7465,0.01
7466,0.01
7467,0.01
7468,0.01
7469,0.03
7470,0.01
7471,0.01
7472,0.01
7473,0.01
7474,0.01
7475,0.03
7476,0.01
7477,0.03
7478,0.03
7479,0.01
7480,0.03
7481,0.03
7482,0.03
7483,0.03
7484,0.03
7485,0.03
7486,0.03
7487,0.01
7488,0.01
7489,0.01
7490,0.01
7491,0.01
7492,0.01
7493,0.01
7494,0.01
7495,0.03
7496,0.01
7497,0.03
7498,0.05
7499,0.01
7500,0.01
7501,0.03
7502,0.03
7503,0.01
7504,0.03
7505,0.01
7506,0.01
7507,0.03
7508,0.03
7509,0.01
7510,0.03
7511,0.01
7512,0.01
7513,0.01
7514,0.01
7515,0.03
7516,0.01
7517,0.01
7518,0.01
7519,0.01
7520,0.05
7521,0.05
7522,0.05
7523,0.03
7524,0.01
7525,0.05
7526,0.03
7527,0.01
7528,0.03
7529,0.01
7530,0.01
7531,0.03
7532,0.03
7533,0.05
7534,0.05
7535,0.03
7536,0.01
7537,0.03
7538,0.01
7539,0.03
7540,0.03
7541,0.03
7542,0.01
7543,0.03
7544,0.05
7545,0.07
7546,0.07
7547,0.03
7548,0.03
7549,0.03
7550,0.03
7551,0.03
7552,0.01
7553,0.01
7554,0.03
7555,0.05
7556,0.03
7557,0.05
7558,0.03
7559,0.03
7560,0.03
7561,0.03
7562,0.03
7563,0.01
7564,0.03
7565,0.01
7566,0.03
7567,0.05
7568,0.01
7569,0.07
7570,0.01
7571,0.01
7572,0.01
7573,0.03
7574,0.03
7575,0.05
7576,0.03
7577,0.05
7578,0.01
7579,0.05
7580,0.01
7581,0.05
7582,0.03
7583,0.05
7584,0.07
7585,0.01
7586,0.01
7587,0.01
7588,0.03
7589,0.03
7590,0.01
7591,0.01
7592,0.03
7593,0.05
7594,0.01
7595,0.01
7596,0.01
7597,0.01
7598,0.01
7599,0.01
7600,0.03
7601,0.05
7602,0.03
7603,0.03
7604,0.01
7605,0.01
7606,0.05
7607,0.05
7608,0.03
7609,0.01
7610,0.03
7611,0.01
7612,0.01
7613,0.01
7614,0.03
7615,0.03
7616,0.05
7617,0.03
7618,0.03
7619,0.03
7620,0.01
7621,0.01
7622,0.03
7623,0.01
7624,0.05
7625,0.01
7626,0.01
7627,0.03
7628,0.03
7629,0.01
7630,0.03
7631,0.03
7632,0.05
7633,0.03
7634,0.01
7635,0.03
7636,0.01
7637,0.03
7638,0.01
7639,0.01
7640,0.03
7641,0.01
7642,0.03
7643,0.01
7644,0.01
7645,0.01
7646,0.01
7647,0.03
7648,0.03
7649,0.01
7650,0.03
7651,0.01
7652,0.01
7653,0.05
7654,0.03
7655,0.03
7656,0.01
7657,0.03
7658,0.03
7659,0.01
7660,0.01
7661,0.01
7662,0.01
7663,0.01
7664,0.01
7665,0.03
7666,0.03
7667,0.01
7668,0.03
7669,0.03
7670,0.03
7671,0.01
7672,0.03
7673,0.01
7674,0.03
7675,0.01
7676,0.05
7677,0.01
7678,0.03
7679,0.01
7680,0.03
7681,0.03
7682,0.03
7683,0.03
7684,0.03
7685,0.03
7686,0.03
7687,0.03
7688,
7689,0.05
7690,0.03
7691,0.03
7692,0.03
7693,0.03
7694,0.03
7695,0.03
7696,0.01
7697,0.03
7698,0.03
7699,0.05
7700,0.01
7701,0.03
7702,0.01
7703,0.01
7704,0.01
7705,0.01
7706,0.03
7707,0.03
7708,0.03
7709,0.01
7710,0.01
7711,0.03
7712,0.03
7713,0.07
7714,
7715,0.01
7716,0.03
7717,0.01
7718,0.03
7719,0.01
7720,0.03
7721,0.01
7722,0.03
7723,0.03
7724,0.05
7725,0.03
7726,0.01
7727,0.01
7728,0.01
7729,0.01
7730,0.01
7731,0.01
7732,0.01
7733,0.03
7734,0.01
7735,0.05
7736,0.01
7737,0.07
7738,0.01
7739,0.01
7740,0.01
7741,0.01
7742,0.01
7743,0.03
7744,0.01
7745,0.01
7746,0.03
7747,0.03
7748,0.07
7749,0.03
7750,0.05
7751,0.01
7752,0.05
7753,0.03
7754,0.01
7755,0.01
7756,0.07
7757,
7758,0.05
7759,0.03
7760,0.01
7761,0.03
7762,0.03
7763,0.01
7764,0.03
7765,0.03
7766,0.03
7767,0.01
7768,0.01
7769,0.05
7770,0.07
7771,0.03
7772,0.03
7773,0.01
7774,0.01
7775,0.01
7776,0.01
7777,0.03
7778,0.03
7779,0.03
7780,0.01
7781,0.01
7782,0.03
7783,0.03
7784,0.01
7785,0.03
7786,0.01
7787,0.03
7788,0.03
7789,0.01
7790,0.01
7791,0.01
7792,0.01
7793,0.01
7794,0.03
7795,0.01
7796,0.05
7797,0.07
7798,0.01
7799,0.03
7800,0.01
7801,0.01
7802,0.01
7803,0.03
7804,0.01
7805,0.03
7806,0.01
7807,0.03
7808,0.03
7809,0.01
7810,0.01
7811,0.03
7812,0.03
7813,0.01
7814,0.01
7815,0.01
7816,0.03
7817,0.01
7818,0.03
7819,0.03
7820,0.03
7821,0.03
7822,0.03
7823,0.03
7824,0.01
7825,0.01
7826,0.03
7827,0.03
7828,0.03
7829,0.03
7830,0.01
7831,0.03
7832,0.07
7833,0.07
7834,0.01
7835,0.03
7836,0.03
7837,0.03
7838,0.03
7839,0.03
7840,0.03
7841,0.01
7842,0.01
7843,0.03
7844,0.03
7845,0.01
7846,0.03
7847,0.03
7848,0.01
7849,0.03
7850,0.03
7851,0.03
7852,0.01
7853,0.01
7854,0.01
7855,0.03
7856,0.07
7857,0.07
7858,0.05
7859,0.03
7860,0.03
7861,0.03
7862,0.03
7863,0.03
7864,0.03
7865,0.01
7866,0.01
7867,0.03
7868,0.07
7869,0.01
7870,0.03
7871,0.01
7872,0.01
7873,0.01
7874,0.03
7875,0.03
7876,0.03
7877,0.01
7878,0.01
7879,0.05
7880,0.01
7881,0.03
7882,0.05
7883,0.03
7884,0.01
7885,0.01
7886,0.03
7887,0.05
7888,0.01
7889,0.01
7890,0.03
7891,0.01
7892,0.05
7893,0.01
7894,0.03
7895,0.01
7896,0.01
7897,0.03
7898,0.03
7899,0.03
7900,0.03
7901,0.03
7902,0.05
7903,0.03
7904,0.03
7905,0.07
7906,0.03
7907,0.01
7908,0.01
7909,0.01
7910,0.03
7911,0.03
7912,0.01
7913,0.03
7914,0.03
7915,0.07
7916,0.07
7917,0.05
7918,0.01
7919,0.03
7920,0.03
7921,0.01
7922,0.01
7923,0.01
7924,0.01
7925,0.03
7926,0.01
7927,0.01
7928,0.03
7929,0.01
7930,0.03
7931,0.03
7932,0.03
7933,0.01
7934,0.05
7935,0.01
7936,0.03
7937,0.03
7938,0.01
7939,0.03
7940,0.05
7941,0.01
7942,0.01
7943,0.01
7944,0.01
7945,0.01
7946,0.01
7947,0.01
7948,0.03
7949,0.03
7950,0.01
7951,0.01
7952,0.05
7953,0.05
7954,0.03
7955,0.01
7956,0.01
7957,0.01
7958,0.03
7959,0.01
7960,0.03
7961,0.03
7962,0.03
7963,0.01
7964,0.01
7965,0.01
7966,0.03
7967,0.03
7968,0.03
7969,0.01
7970,0.01
7971,0.03
7972,0.01
7973,0.01
7974,0.01
7975,0.03
7976,0.03
7977,0.03
7978,0.01
7979,0.03
7980,0.01
7981,0.01
7982,0.01
7983,0.03
7984,0.03
7985,0.03
7986,0.03
7987,0.03
7988,0.05
7989,0.03
7990,0.03
7991,0.01
7992,0.01
7993,0.01
7994,0.03
7995,0.03
7996,0.03
7997,0.01
7998,0.01
7999,0.03
8000,0.05
8001,0.05
8002,0.03
8003,0.01
8004,0.01
8005,0.05
8006,0.01
8007,0.03
8008,0.01
8009,0.01
8010,0.01
8011,0.01
8012,0.03
8013,0.03
8014,0.01
8015,0.01
8016,0.01
8017,0.03
8018,0.03
8019,0.01
8020,0.01
8021,0.01
8022,0.01
8023,0.05
8024,0.07
8025,0.05
8026,0.03
8027,0.01
8028,0.05
8029,0.05
8030,0.05
8031,0.01
8032,0.01
8033,0.03
8034,0.01
8035,0.01
8036,0.01
8037,0.01
8038,0.01
8039,0.03
8040,0.05
8041,0.01
8042,0.01
8043,0.01
8044,0.03
8045,0.03
8046,0.01
8047,0.05
8048,0.05
8049,0.05
8050,0.01
8051,0.03
8052,0.03
8053,0.01
8054,0.01
8055,0.05
8056,0.05
8057,0.01
8058,0.05
8059,0.03
8060,0.03
8061,0.01
8062,0.03
8063,0.01
8064,0.01
8065,0.01
8066,0.03
8067,0.01
8068,0.03
8069,0.03
8070,0.03
8071,0.03
8072,0.01
8073,0.07
8074,0.03
8075,0.03
8076,0.05
8077,0.03
8078,0.01
8079,0.05
8080,0.03
8081,0.01
8082,0.03
8083,0.03
8084,0.07
8085,0.03
8086,0.01
8087,0.03
8088,0.01
8089,0.03
8090,0.05
8091,0.01
8092,0.01
8093,0.03
8094,0.03
8095,0.01
8096,0.03
8097,0.01
8098,0.03
8099,0.03
8100,0.05
8101,0.01
8102,0.01
8103,0.03
8104,0.03
8105,0.01
8106,0.01
8107,0.03
8108,0.03
8109,0.01
8110,0.01
8111,0.01
8112,0.01
8113,0.03
8114,0.03
8115,0.03
8116,0.01
8117,0.01
8118,0.03
8119,0.03
8120,0.03
8121,0.01
8122,0.03
8123,0.03
8124,0.01
8125,0.01
8126,0.03
8127,0.01
8128,0.03
8129,0.01
8130,0.03
8131,0.01
8132,0.07
8133,0.05
8134,0.01
8135,0.01
8136,0.03
8137,0.01
8138,0.03
8139,0.01
8140,0.03
8141,0.01
8142,0.01
8143,0.01
8144,0.01
8145,0.01
8146,0.03
8147,0.01
8148,0.03
8149,0.01
8150,0.01
8151,0.01
8152,0.05
8153,0.07
8154,0.03
8155,0.05
8156,0.05
8157,0.05
8158,0.01
8159,0.01
8160,0.01
8161,0.03
8162,0.01
8163,0.01
8164,0.03
8165,0.01
8166,0.01
8167,0.05
8168,0.07
8169,0.03
8170,0.03
8171,0.03
8172,0.03
8173,0.05
8174,0.01
8175,0.01
8176,0.01
8177,0.05
8178,0.03
8179,0.01
8180,0.03
8181,0.05
8182,0.03
8183,0.03
8184,0.01
8185,0.03
8186,0.03
8187,0.03
8188,0.01
8189,0.01
8190,0.03
8191,0.01
8192,0.01
8193,0.05
8194,0.05
8195,0.01
8196,0.03
8197,0.01
8198,0.01
8199,0.05
8200,0.03
8201,0.01
8202,0.03
8203,0.01
8204,0.01
8205,0.03
8206,0.01
8207,0.01
8208,0.03
8209,0.01
8210,0.01
8211,0.01
8212,0.05
8213,0.01
8214,0.03
8215,0.03
8216,0.05
8217,
8218,0.03
8219,0.03
8220,0.01
8221,0.01
8222,0.03
8223,0.05
8224,0.03
8225,0.01
8226,0.01
8227,0.01
8228,0.05
8229,0.01
8230,0.01
8231,0.01
8232,0.01
8233,0.03
8234,0.01
8235,0.03
8236,0.03
8237,0.01
8238,0.03
8239,0.05
8240,0.03
8241,0.05
8242,0.01
8243,0.05
8244,0.03
8245,0.03
8246,0.01
8247,0.03
8248,0.05
8249,0.05
8250,0.01
8251,0.05
8252,0.07
8253,0.01
8254,0.01
8255,0.01
8256,0.01
8257,0.03
8258,0.05
8259,0.03
8260,0.01
8261,0.03
8262,0.03
8263,0.01
8264,0.03
8265,0.03
8266,0.01
8267,0.01
8268,0.01
8269,0.03
8270,0.03
8271,0.01
8272,0.05
8273,0.01
8274,0.03
8275,0.03
8276,0.01
8277,0.03
8278,0.01
8279,0.01
8280,0.01
8281,0.03
8282,0.01
8283,0.01
8284,0.01
8285,0.01
8286,0.03
8287,0.01
8288,0.01
8289,0.01
8290,0.03
8291,0.03
8292,0.03
8293,0.03
8294,0.01
8295,0.03
8296,0.03
8297,0.01
8298,0.01
8299,0.03
8300,0.03
8301,0.03
8302,0.01
8303,0.01
8304,0.01
8305,0.01
8306,0.03
8307,0.01
8308,0.05
8309,0.03
8310,0.01
8311,0.05
8312,0.07
8313,0.01
8314,0.01
8315,0.03
8316,0.03
8317,0.01
8318,0.03
8319,0.03
8320,0.05
8321,0.03
8322,0.03
8323,0.01
8324,0.01
8325,0.03
8326,0.01
8327,0.01
8328,0.01
8329,0.01
8330,0.03
8331,0.01
8332,0.03
8333,0.01
8334,0.01
8335,0.01
8336,0.01
8337,0.01
8338,0.01
8339,0.01
8340,0.03
8341,0.03
8342,0.01
8343,0.01
8344,0.01
8345,0.03
8346,0.03
8347,0.01
8348,0.03
8349,0.03
8350,0.03
8351,0.01
8352,0.01
8353,0.03
8354,0.01
8355,0.01
8356,0.01
8357,0.01
8358,0.03
8359,0.01
8360,0.05
8361,0.07
8362,0.03
8363,0.03
8364,0.05
8365,0.01
8366,0.03
8367,0.01
8368,0.03
8369,0.03
8370,0.05
8371,0.07
8372,0.05
8373,0.03
8374,0.01
8375,0.03
8376,0.03
8377,0.01
8378,0.01
8379,0.03
8380,0.03
8381,0.01
8382,0.03
8383,0.03
8384,0.05
8385,0.07
8386,0.03
8387,0.01
8388,0.03
8389,0.03
8390,0.01
8391,0.03
8392,0.03
8393,0.03
8394,0.01
8395,0.05
8396,0.05
8397,0.01
8398,0.01
8399,0.01
8400,0.01
8401,0.01
8402,0.01
8403,0.01
8404,0.03
8405,0.01
8406,0.03
8407,0.03
8408,0.03
8409,0.03
8410,0.03
8411,0.03
8412,0.05
8413,0.01
8414,0.01
8415,0.03
8416,0.01
8417,0.03
8418,0.01
8419,0.03
8420,0.01
8421,0.03
8422,0.01
8423,0.01
8424,0.01
8425,0.03
8426,0.03
8427,0.03
8428,0.01
8429,0.01
8430,0.05
8431,0.01
8432,0.03
8433,0.01
8434,0.03
8435,0.03
8436,0.01
8437,0.01
8438,0.03
8439,0.01
8440,0.05
8441,0.01
8442,0.03
8443,0.05
8444,0.03
8445,0.01
8446,0.01
8447,0.03
8448,0.03
8449,0.01
8450,0.03
8451,0.01
8452,0.03
8453,0.01
8454,0.01
8455,0.03
8456,0.05
8457,0.01
8458,0.01
8459,0.03
8460,0.03
8461,0.01
8462,0.01
8463,0.03
8464,0.07
8465,0.01
8466,0.03
8467,0.01
8468,0.01
8469,0.01
8470,0.01
8471,0.01
8472,0.01
8473,0.03
8474,0.03
8475,0.03
8476,0.01
8477,0.01
8478,0.03
8479,0.03
8480,0.07
8481,0.01
8482,0.01
8483,0.01
8484,0.01
8485,0.01
8486,0.03
8487,0.01
8488,0.03
8489,0.03
8490,0.03
8491,0.01
8492,0.03
8493,0.01
8494,0.01
8495,0.03
8496,0.01
8497,0.03
8498,0.03
8499,0.01
8500,0.03
8501,0.03
8502,0.01
8503,0.05
8504,0.05
8505,0.03
8506,0.03
8507,0.03
8508,0.03
8509,0.03
8510,0.01
8511,0.01
8512,0.01
8513,0.03
8514,0.01
8515,0.03
8516,0.01
8517,0.03
8518,0.01
8519,0.01
8520,0.01
8521,0.07
8522,0.03
8523,0.05
8524,0.01
8525,0.01
8526,0.01
8527,0.03
8528,
8529,0.03
8530,0.03
8531,0.03
8532,0.03
8533,0.05
8534,0.05
8535,0.01
8536,0.01
8537,0.01
8538,0.01
8539,0.03
8540,0.01
8541,0.03
8542,0.03
8543,0.03
8544,0.05
8545,0.01
8546,0.03
8547,0.01
8548,0.05
8549,0.01
8550,0.01
8551,0.05
8552,0.03
8553,0.07
8554,0.05
8555,0.01
8556,0.01
8557,0.01
8558,0.01
8559,0.05
8560,0.03
8561,0.03
8562,0.01
8563,0.03
8564,0.01
8565,0.01
8566,0.03
8567,0.01
8568,0.01
8569,0.03
8570,0.01
8571,0.03
8572,0.03
8573,0.01
8574,0.01
8575,0.05
8576,0.01
8577,0.03
8578,0.03
8579,0.01
8580,0.03
8581,0.01
8582,0.01
8583,0.03
8584,0.03
8585,0.01
8586,0.03
8587,0.03
8588,0.03
8589,0.01
8590,0.03
8591,0.03
8592,0.01
8593,0.01
8594,0.03
8595,0.01
8596,0.01
8597,0.03
8598,0.03
8599,0.03
8600,0.03
8601,0.01
8602,0.03
8603,0.03
8604,0.01
8605,0.01
8606,0.03
8607,0.05
8608,0.05
8609,0.01
8610,0.03
8611,0.01
8612,0.03
8613,0.01
8614,0.01
8615,0.01
8616,0.01
8617,0.01
8618,0.01
8619,0.03
8620,0.05
8621,0.01
8622,0.01
8623,0.03
8624,0.07
8625,0.03
8626,0.03
8627,0.03
8628,0.01
8629,0.01
8630,0.01
8631,0.03
8632,0.05
8633,0.03
8634,0.05
8635,0.01
8636,0.03
8637,
8638,0.05
8639,0.01
8640,0.03
8641,0.01
8642,0.03
8643,0.03
8644,0.01
8645,0.01
8646,0.01
8647,0.03
8648,0.03
8649,0.03
8650,0.03
8651,0.01
8652,0.03
8653,0.01
8654,0.01
8655,0.01
8656,0.03
8657,0.03
8658,0.03
8659,0.03
8660,0.03
8661,0.01
8662,0.01
8663,0.01
8664,0.01
8665,0.01
8666,0.01
8667,0.03
8668,0.03
8669,0.01
8670,0.01
8671,0.01
8672,0.03
8673,0.03
8674,0.01
8675,0.03
8676,0.01
8677,0.01
8678,0.01
8679,0.03
8680,0.03
8681,0.03
8682,0.03
8683,0.03
8684,0.03
8685,0.05
8686,0.05
8687,0.03
8688,0.03
8689,0.03
8690,0.01
8691,0.03
8692,0.03
8693,0.01
8694,0.01
8695,0.01
8696,0.01
8697,0.01
8698,0.03
8699,0.01
8700,0.05
8701,0.01
8702,0.03
8703,0.03
8704,0.01
8705,0.01
8706,0.01
8707,0.01
8708,0.07
8709,0.03
8710,0.01
8711,0.01
8712,0.03
8713,0.03
8714,0.03
8715,0.03
8716,0.03
8717,0.01
8718,0.01
8719,0.03
8720,0.05
8721,0.05
8722,0.03
8723,0.03
8724,0.01
8725,0.01
8726,0.01
8727,0.03
8728,0.01
8729,0.01
8730,0.03
8731,0.01
8732,0.03
8733,0.01
8734,0.01
8735,0.01
8736,0.03
8737,0.01
8738,0.01
8739,0.03
8740,0.03
8741,0.01
8742,0.01
8743,0.03
8744,0.03
8745,0.07
8746,0.01
8747,0.03
8748,0.05
8749,0.03
8750,0.01
8751,0.03
8752,0.03
8753,0.03
8754,0.05
8755,0.03
8756,0.03
8757,0.05
8758,0.01
