,dynamic_untargeted_acg
0,0.03
1,0.03
2,0.01
3,0.01
4,0.05
5,0.03
6,0.01
7,0.05
8,0.01
9,0.05
10,0.03
11,0.05
12,0.01
13,0.03
14,0.03
15,0.01
16,0.03
17,0.03
18,0.01
19,0.03
20,0.03
21,0.01
22,0.01
23,0.03
24,0.01
25,0.05
26,0.01
27,0.03
28,0.01
29,0.01
30,0.01
31,0.01
32,0.05
33,0.03
34,0.05
35,0.07
36,0.01
37,0.01
38,0.01
39,0.03
40,0.01
41,0.03
42,0.03
43,0.03
44,0.01
45,0.01
46,0.01
47,0.03
48,0.01
49,0.01
50,0.01
51,0.03
52,0.01
53,0.03
54,0.01
55,0.03
56,0.05
57,0.03
58,0.03
59,0.03
60,0.01
61,0.03
62,0.03
63,0.03
64,0.03
65,0.01
66,0.03
67,0.03
68,0.03
69,0.03
70,0.05
71,0.01
72,0.01
73,0.01
74,0.01
75,0.01
76,0.01
77,0.01
78,0.01
79,0.01
80,0.03
81,0.03
82,0.03
83,0.01
84,0.03
85,0.01
86,0.01
87,0.01
88,0.01
89,0.01
90,0.03
91,0.01
92,0.01
93,0.01
94,0.01
95,0.01
96,0.03
97,0.03
98,0.03
99,0.01
100,0.03
101,0.01
102,0.01
103,0.01
104,0.01
105,0.01
106,0.03
107,0.05
108,0.03
109,0.03
110,0.01
111,0.01
112,0.01
113,0.03
114,0.01
115,0.03
116,0.03
117,0.01
118,0.03
119,0.01
120,0.03
121,0.03
122,0.03
123,0.01
124,0.03
125,0.01
126,0.01
127,0.01
128,0.01
129,0.03
130,0.01
131,0.03
132,0.03
133,0.01
134,0.03
135,0.01
136,0.07
137,0.03
138,0.03
139,0.05
140,
141,0.01
142,0.03
143,0.01
144,0.01
145,0.03
146,0.01
147,0.01
148,0.01
149,0.01
150,0.03
151,0.01
152,0.03
153,0.03
154,0.03
155,0.03
156,0.01
157,0.01
158,0.03
159,0.01
160,0.05
161,0.03
162,0.03
163,0.01
164,0.07
165,0.03
166,0.03
167,0.03
168,0.01
169,0.03
170,0.01
171,0.01
172,0.01
173,0.03
174,0.01
175,0.03
176,0.01
177,0.03
178,
179,0.07
180,0.01
181,0.03
182,0.01
183,0.01
184,0.01
185,0.03
186,0.03
187,0.03
188,0.05
189,0.03
190,0.03
191,0.01
192,0.01
193,0.01
194,0.03
195,0.01
196,0.01
197,0.01
198,0.01
199,0.03
200,0.03
201,0.01
202,0.07
203,0.01
204,0.01
205,0.01
206,0.01
207,0.01
208,0.01
209,0.03
210,0.01
211,0.03
212,0.03
213,0.03
214,0.03
215,0.01
216,0.01
217,0.03
218,0.03
219,0.01
220,0.01
221,0.01
222,0.01
223,0.01
224,0.03
225,0.01
226,0.01
227,0.01
228,0.05
229,0.01
230,0.01
231,0.01
232,0.03
233,0.03
234,0.01
235,0.03
236,0.03
237,0.01
238,0.01
239,0.01
240,0.03
241,0.01
242,0.01
243,0.01
244,0.01
245,0.01
246,0.01
247,0.01
248,0.03
249,0.01
250,0.03
251,0.01
252,0.05
253,0.01
254,0.03
255,0.01
256,0.01
257,0.03
258,0.03
259,0.01
260,0.01
261,0.03
262,0.03
263,0.03
264,0.03
265,0.03
266,0.03
267,0.01
268,0.01
269,0.03
270,0.01
271,0.01
272,0.01
273,0.01
274,0.05
275,0.03
276,0.05
277,0.03
278,0.03
279,0.01
280,0.03
281,0.03
282,0.03
283,0.01
284,0.01
285,0.01
286,0.01
287,0.01
288,0.01
289,0.01
290,0.03
291,0.01
292,0.03
293,0.01
294,0.01
295,0.01
296,0.03
297,0.01
298,0.01
299,0.03
300,0.03
301,0.05
302,0.01
303,0.01
304,0.07
305,0.05
306,0.03
307,0.05
308,0.05
309,
310,0.05
311,0.01
312,0.01
313,0.01
314,0.03
315,0.03
316,0.01
317,0.01
318,0.03
319,0.01
320,0.01
321,0.01
322,0.01
323,0.01
324,0.01
325,0.01
326,0.03
327,0.01
328,0.03
329,0.01
330,0.01
331,0.05
332,0.07
333,0.05
334,0.03
335,0.05
336,0.01
337,0.01
338,0.01
339,0.03
340,0.01
341,0.03
342,0.01
343,0.01
344,0.03
345,0.01
346,
347,0.03
348,0.03
349,0.03
350,0.01
351,0.03
352,0.03
353,0.01
354,0.01
355,0.05
356,0.03
357,0.01
358,0.03
359,0.01
360,0.01
361,0.01
362,0.03
363,0.01
364,0.01
365,0.01
366,0.01
367,0.03
368,0.03
369,0.07
370,0.07
371,0.01
372,0.01
373,0.03
374,0.01
375,0.01
376,0.03
377,0.01
378,0.01
379,0.01
380,0.07
381,0.03
382,0.03
383,0.01
384,0.01
385,0.01
386,0.01
387,0.01
388,0.03
389,0.01
390,0.01
391,0.03
392,0.03
393,0.03
394,0.03
395,0.01
396,0.01
397,0.03
398,0.03
399,0.01
400,0.03
401,0.03
402,0.01
403,0.05
404,0.03
405,0.01
406,0.01
407,0.01
408,0.03
409,0.01
410,0.03
411,0.01
412,0.01
413,0.01
414,0.03
415,0.01
416,0.01
417,0.03
418,0.03
419,0.03
420,0.03
421,0.01
422,0.03
423,0.01
424,0.03
425,0.01
426,0.01
427,0.01
428,0.01
429,0.01
430,0.03
431,0.03
432,0.03
433,0.01
434,0.03
435,0.01
436,0.01
437,0.01
438,0.03
439,0.01
440,0.03
441,0.01
442,0.01
443,0.05
444,0.03
445,0.03
446,0.01
447,0.01
448,0.01
449,0.03
450,0.03
451,0.03
452,0.03
453,0.05
454,0.01
455,0.01
456,0.01
457,0.03
458,0.03
459,0.03
460,0.03
461,0.01
462,0.01
463,0.01
464,0.03
465,0.03
466,0.05
467,0.01
468,0.03
469,0.03
470,0.01
471,0.01
472,0.05
473,0.03
474,0.01
475,0.03
476,0.07
477,0.07
478,0.03
479,0.01
480,0.03
481,0.03
482,0.03
483,0.01
484,0.01
485,0.01
486,0.01
487,0.03
488,0.03
489,0.05
490,0.01
491,0.01
492,0.01
493,0.01
494,0.01
495,0.03
496,0.03
497,0.05
498,0.03
499,0.01
500,0.05
501,0.07
502,0.03
503,0.05
504,0.03
505,0.01
506,0.01
507,0.05
508,0.03
509,0.03
510,0.01
511,0.03
512,0.01
513,0.03
514,0.01
515,0.07
516,0.05
517,0.03
518,0.01
519,0.01
520,0.01
521,0.01
522,0.03
523,0.01
524,0.01
525,0.01
526,0.01
527,0.03
528,0.01
529,0.01
530,0.01
531,0.01
532,0.01
533,0.01
534,0.01
535,0.03
536,0.01
537,0.05
538,0.03
539,0.01
540,0.01
541,0.01
542,0.01
543,0.01
544,0.01
545,0.01
546,0.01
547,0.03
548,0.03
549,0.01
550,0.01
551,0.01
552,0.01
553,0.01
554,0.03
555,0.01
556,0.01
557,0.01
558,0.01
559,0.01
560,0.01
561,0.03
562,0.01
563,0.03
564,0.01
565,0.01
566,0.01
567,0.03
568,0.03
569,0.01
570,0.01
571,0.03
572,0.01
573,0.03
574,0.03
575,0.03
576,0.03
577,0.01
578,0.03
579,0.01
580,0.03
581,0.03
582,0.01
583,0.01
584,0.03
585,0.03
586,0.03
587,0.03
588,0.01
589,0.01
590,0.01
591,0.03
592,0.03
593,0.05
594,0.01
595,0.01
596,0.03
597,0.01
598,0.01
599,0.03
600,0.03
601,0.01
602,0.01
603,0.01
604,0.03
605,0.01
606,0.03
607,0.03
608,0.01
609,0.01
610,0.01
611,0.03
612,0.03
613,0.05
614,0.03
615,0.01
616,0.01
617,0.01
618,0.01
619,0.03
620,0.03
621,0.01
622,0.01
623,0.03
624,0.01
625,0.03
626,0.01
627,0.01
628,0.01
629,0.03
630,0.01
631,0.01
632,0.03
633,0.01
634,0.01
635,0.01
636,0.01
637,0.01
638,0.01
639,0.01
640,
641,0.05
642,0.03
643,0.01
644,0.05
645,
646,0.03
647,0.03
648,0.03
649,0.01
650,0.01
651,0.01
652,0.01
653,0.01
654,0.03
655,0.01
656,0.03
657,0.03
658,0.01
659,0.01
660,0.03
661,0.03
662,0.01
663,0.01
664,0.01
665,0.03
666,0.01
667,0.03
668,0.05
669,0.05
670,0.03
671,0.03
672,0.01
673,0.03
674,0.01
675,0.03
676,0.01
677,0.01
678,0.01
679,0.05
680,0.03
681,0.05
682,0.03
683,0.01
684,0.03
685,0.01
686,0.01
687,0.03
688,0.01
689,0.03
690,0.03
691,0.03
692,0.03
693,0.01
694,0.01
695,0.01
696,0.01
697,0.01
698,0.01
699,0.01
700,0.01
701,0.01
702,0.01
703,0.01
704,0.03
705,0.01
706,0.05
707,0.01
708,0.01
709,0.05
710,0.01
711,0.01
712,0.01
713,0.01
714,0.03
715,0.01
716,0.07
717,0.01
718,0.01
719,0.01
720,0.01
721,0.01
722,0.01
723,0.03
724,0.01
725,0.01
726,0.01
727,0.01
728,0.01
729,0.03
730,0.01
731,0.03
732,0.01
733,0.01
734,0.03
735,0.01
736,0.03
737,0.01
738,0.01
739,0.03
740,0.03
741,0.01
742,0.01
743,0.01
744,0.03
745,0.03
746,0.01
747,0.01
748,0.01
749,0.01
750,0.03
751,0.01
752,0.05
753,0.01
754,0.05
755,0.03
756,0.07
757,0.01
758,0.01
759,0.03
760,0.01
761,0.01
762,0.01
763,0.03
764,0.01
765,0.01
766,0.01
767,0.03
768,0.01
769,0.01
770,0.03
771,0.01
772,0.01
773,0.03
774,0.01
775,0.03
776,0.01
777,0.03
778,0.05
779,0.05
780,0.07
781,0.07
782,0.03
783,0.01
784,0.05
785,0.01
786,0.03
787,0.01
788,0.03
789,0.05
790,0.01
791,0.03
792,0.01
793,0.01
794,0.01
795,0.03
796,0.01
797,0.05
798,0.03
799,0.01
800,0.01
801,0.03
802,0.03
803,0.05
804,0.05
805,0.03
806,0.03
807,0.01
808,0.03
809,0.03
810,0.01
811,0.03
812,0.03
813,0.03
814,0.03
815,0.01
816,0.01
817,0.03
818,0.03
819,0.01
820,0.03
821,0.03
822,0.03
823,0.01
824,0.03
825,0.01
826,0.03
827,0.01
828,0.01
829,0.01
830,0.01
831,0.01
832,0.05
833,0.03
834,0.03
835,0.03
836,0.03
837,0.05
838,0.01
839,0.01
840,0.01
841,0.01
842,0.01
843,0.03
844,0.01
845,0.03
846,0.01
847,0.01
848,0.03
849,0.01
850,0.03
851,0.05
852,0.01
853,0.01
854,0.01
855,0.01
856,0.03
857,0.01
858,0.01
859,0.01
860,0.03
861,0.01
862,0.01
863,0.01
864,0.01
865,0.03
866,0.03
867,0.01
868,0.03
869,0.03
870,0.01
871,0.01
872,0.03
873,0.03
874,0.05
875,0.01
876,0.03
877,0.01
878,0.03
879,0.01
880,0.01
881,0.01
882,0.03
883,0.03
884,0.05
885,0.01
886,0.01
887,0.01
888,0.01
889,0.01
890,0.03
891,0.03
892,0.01
893,0.03
894,0.03
895,0.01
896,0.05
897,0.03
898,0.05
899,0.01
900,0.01
901,0.01
902,0.01
903,0.03
904,0.01
905,0.01
906,0.01
907,0.01
908,0.01
909,0.01
910,0.03
911,0.05
912,0.03
913,0.01
914,0.03
915,0.01
916,0.03
917,0.03
918,0.01
919,0.01
920,0.03
921,0.03
922,0.03
923,0.05
924,0.05
925,0.01
926,0.03
927,0.01
928,0.01
929,0.03
930,0.03
931,0.05
932,0.03
933,0.01
934,0.01
935,0.01
936,0.03
937,0.01
938,0.01
939,0.03
940,0.03
941,0.01
942,0.01
943,0.01
944,0.03
945,0.03
946,0.03
947,0.07
948,0.03
949,0.03
950,0.05
951,0.03
952,0.05
953,0.03
954,0.03
955,0.01
956,0.03
957,0.05
958,0.01
959,0.01
960,0.01
961,0.01
962,0.01
963,0.01
964,0.01
965,0.03
966,0.01
967,0.01
968,0.03
969,0.01
970,0.03
971,0.03
972,0.05
973,0.03
974,0.03
975,0.01
976,0.07
977,0.07
978,0.01
979,0.01
980,0.03
981,0.03
982,0.03
983,0.01
984,0.03
985,0.01
986,0.03
987,0.03
988,0.01
989,0.03
990,0.01
991,0.01
992,0.03
993,0.07
994,0.05
995,0.03
996,0.03
997,0.01
998,0.01
999,0.01
1000,0.07
1001,0.03
1002,0.01
1003,0.05
1004,0.07
1005,0.05
1006,0.03
1007,0.03
1008,0.03
1009,0.03
1010,0.01
1011,0.03
1012,0.01
1013,0.05
1014,0.03
1015,0.03
1016,0.01
1017,0.01
1018,0.01
1019,0.05
1020,0.03
1021,0.01
1022,0.01
1023,0.01
1024,0.03
1025,0.03
1026,0.01
1027,0.03
1028,0.03
1029,0.03
1030,0.03
1031,0.03
1032,0.01
1033,0.01
1034,0.01
1035,0.03
1036,0.03
1037,0.01
1038,0.01
1039,0.01
1040,0.01
1041,0.05
1042,0.03
1043,0.01
1044,0.03
1045,0.01
1046,0.01
1047,0.01
1048,0.03
1049,0.03
1050,0.01
1051,0.05
1052,0.03
1053,0.05
1054,0.01
1055,0.03
1056,0.01
1057,0.01
1058,0.01
1059,0.01
1060,0.03
1061,0.01
1062,0.01
1063,0.01
1064,0.03
1065,0.03
1066,0.01
1067,0.01
1068,0.03
1069,0.01
1070,0.01
1071,0.03
1072,0.01
1073,0.01
1074,0.03
1075,0.05
1076,0.05
1077,0.01
1078,0.01
1079,0.01
1080,0.03
1081,0.01
1082,0.01
1083,0.01
1084,0.01
1085,0.01
1086,0.01
1087,0.01
1088,0.03
1089,0.03
1090,0.03
1091,0.01
1092,0.01
1093,0.01
1094,0.03
1095,0.03
1096,0.01
1097,0.03
1098,0.01
1099,0.03
1100,0.01
1101,0.03
1102,0.01
1103,0.03
1104,0.03
1105,0.01
1106,0.01
1107,0.01
1108,0.01
1109,0.01
1110,0.03
1111,0.05
1112,0.03
1113,0.01
1114,0.03
1115,0.03
1116,0.03
1117,0.07
1118,0.03
1119,0.03
1120,0.03
1121,0.03
1122,0.03
1123,0.03
1124,0.01
1125,0.01
1126,0.03
1127,0.01
1128,0.01
1129,0.01
1130,0.05
1131,0.03
1132,0.01
1133,0.01
1134,0.01
1135,0.03
1136,0.01
1137,0.01
1138,0.03
1139,0.03
1140,0.01
1141,0.03
1142,0.01
1143,0.01
1144,0.05
1145,0.03
1146,0.01
1147,0.03
1148,0.07
1149,0.01
1150,0.03
1151,0.01
1152,0.01
1153,0.03
1154,0.01
1155,0.01
1156,0.01
1157,0.01
1158,0.03
1159,0.01
1160,0.03
1161,0.03
1162,0.01
1163,0.01
1164,0.03
1165,0.01
1166,0.01
1167,0.01
1168,0.03
1169,0.03
1170,0.03
1171,0.07
1172,0.05
1173,0.05
1174,0.03
1175,0.05
1176,0.03
1177,0.01
1178,0.03
1179,0.01
1180,0.05
1181,0.01
1182,0.03
1183,0.01
1184,0.01
1185,0.03
1186,0.03
1187,0.03
1188,0.03
1189,0.01
1190,0.01
1191,0.03
1192,0.01
1193,0.01
1194,0.01
1195,0.01
1196,0.03
1197,0.01
1198,0.01
1199,0.03
1200,0.01
1201,0.03
1202,0.01
1203,0.01
1204,0.03
1205,0.03
1206,0.01
1207,0.01
1208,0.01
1209,0.05
1210,0.03
1211,0.03
1212,0.01
1213,0.01
1214,0.03
1215,0.03
1216,0.01
1217,0.03
1218,0.03
1219,0.05
1220,0.05
1221,0.03
1222,0.03
1223,0.01
1224,0.03
1225,0.01
1226,0.01
1227,0.01
1228,0.01
1229,0.03
1230,0.01
1231,0.01
1232,0.03
1233,0.01
1234,0.01
1235,0.03
1236,0.03
1237,0.01
1238,0.01
1239,0.01
1240,0.05
1241,0.03
1242,0.01
1243,0.07
1244,0.05
1245,0.03
1246,0.01
1247,0.03
1248,0.05
1249,0.01
1250,0.01
1251,0.01
1252,0.01
1253,0.03
1254,0.03
1255,0.01
1256,0.03
1257,0.01
1258,0.03
1259,0.03
1260,0.01
1261,0.01
1262,0.01
1263,0.03
1264,0.01
1265,0.01
1266,0.01
1267,0.03
1268,0.01
1269,0.01
1270,0.01
1271,0.03
1272,0.03
1273,0.03
1274,0.01
1275,0.01
1276,0.01
1277,0.01
1278,0.01
1279,0.01
1280,0.03
1281,0.01
1282,0.01
1283,0.05
1284,0.01
1285,0.01
1286,0.03
1287,0.03
1288,0.01
1289,0.01
1290,0.03
1291,0.01
1292,0.03
1293,0.03
1294,0.01
1295,0.01
1296,0.01
1297,0.01
1298,0.03
1299,0.01
1300,0.03
1301,0.01
1302,0.01
1303,0.03
1304,0.01
1305,0.03
1306,0.01
1307,0.03
1308,0.01
1309,0.05
1310,0.01
1311,0.03
1312,0.03
1313,0.05
1314,0.01
1315,0.01
1316,0.05
1317,0.03
1318,0.03
1319,0.05
1320,0.01
1321,0.03
1322,0.01
1323,0.01
1324,0.01
1325,0.01
1326,0.01
1327,0.03
1328,0.01
1329,
1330,0.05
1331,0.05
1332,0.01
1333,0.03
1334,0.01
1335,0.03
1336,0.01
1337,0.01
1338,0.03
1339,0.03
1340,0.05
1341,0.03
1342,0.05
1343,0.01
1344,0.03
1345,0.01
1346,0.01
1347,0.03
1348,0.03
1349,0.03
1350,0.01
1351,0.01
1352,0.01
1353,0.01
1354,0.01
1355,0.03
1356,0.03
1357,0.01
1358,0.03
1359,0.01
1360,0.01
1361,0.03
1362,0.01
1363,0.03
1364,0.01
1365,0.01
1366,0.01
1367,0.01
1368,0.01
1369,0.03
1370,0.03
1371,0.01
1372,0.01
1373,0.01
1374,0.03
1375,0.01
1376,0.01
1377,0.03
1378,0.07
1379,0.01
1380,0.03
1381,0.01
1382,0.01
1383,0.03
1384,0.01
1385,0.01
1386,0.03
1387,0.05
1388,0.05
1389,0.05
1390,0.01
1391,0.01
1392,0.01
1393,0.03
1394,0.01
1395,0.03
1396,0.03
1397,0.01
1398,0.01
1399,0.01
1400,0.01
1401,0.01
1402,0.01
1403,0.03
1404,0.03
1405,0.03
1406,0.01
1407,0.01
1408,0.05
1409,0.03
1410,0.03
1411,0.03
1412,0.05
1413,0.03
1414,0.01
1415,0.03
1416,0.03
1417,0.01
1418,0.01
1419,0.01
1420,0.01
1421,0.01
1422,0.01
1423,0.01
1424,0.03
1425,0.03
1426,0.03
1427,0.03
1428,0.01
1429,0.01
1430,0.03
1431,0.01
1432,0.03
1433,0.01
1434,0.05
1435,0.03
1436,0.03
1437,0.03
1438,0.01
1439,0.03
1440,0.01
1441,0.03
1442,0.01
1443,0.05
1444,0.01
1445,0.01
1446,0.01
1447,0.01
1448,0.03
1449,0.03
1450,0.01
1451,0.01
1452,0.03
1453,0.03
1454,0.01
1455,0.01
1456,0.01
1457,0.01
1458,0.01
1459,0.01
1460,0.01
1461,0.03
1462,0.01
1463,0.01
1464,0.03
1465,0.01
1466,0.01
1467,0.03
1468,0.01
1469,0.03
1470,0.01
1471,0.01
1472,0.03
1473,0.03
1474,0.03
1475,0.03
1476,0.01
1477,0.01
1478,0.01
1479,0.03
1480,0.05
1481,0.01
1482,0.03
1483,0.03
1484,0.03
1485,0.03
1486,0.03
1487,0.03
1488,0.03
1489,0.03
1490,0.01
1491,0.01
1492,0.01
1493,0.01
1494,0.01
1495,0.01
1496,0.03
1497,0.03
1498,0.03
1499,0.01
1500,0.03
1501,0.05
1502,0.03
1503,0.01
1504,0.03
1505,0.03
1506,0.03
1507,0.01
1508,0.07
1509,0.03
1510,0.01
1511,0.01
1512,0.01
1513,0.01
1514,0.01
1515,0.03
1516,0.03
1517,0.03
1518,0.01
1519,0.05
1520,0.01
1521,0.01
1522,0.05
1523,0.01
1524,0.01
1525,0.01
1526,0.01
1527,0.01
1528,0.03
1529,0.03
1530,0.01
1531,0.01
1532,0.01
1533,0.01
1534,0.01
1535,0.01
1536,0.03
1537,0.01
1538,0.01
1539,0.03
1540,0.01
1541,0.01
1542,0.01
1543,0.05
1544,0.01
1545,0.01
1546,0.03
1547,0.01
1548,0.01
1549,0.01
1550,0.03
1551,0.03
1552,0.01
1553,0.01
1554,0.03
1555,0.05
1556,0.03
1557,0.03
1558,0.03
1559,0.03
1560,0.03
1561,0.03
1562,0.01
1563,0.03
1564,0.01
1565,0.01
1566,0.01
1567,0.03
1568,0.03
1569,0.01
1570,0.01
1571,0.01
1572,0.03
1573,0.03
1574,0.01
1575,0.01
1576,0.03
1577,0.03
1578,0.05
1579,0.07
1580,
1581,0.05
1582,0.05
1583,0.01
1584,0.01
1585,0.03
1586,0.01
1587,0.01
1588,0.03
1589,0.01
1590,0.01
1591,0.01
1592,0.03
1593,0.03
1594,0.01
1595,0.03
1596,0.01
1597,0.03
1598,0.03
1599,0.03
1600,0.01
1601,0.03
1602,0.01
1603,0.07
1604,0.03
1605,0.01
1606,0.01
1607,0.01
1608,0.03
1609,0.01
1610,0.03
1611,0.05
1612,0.03
1613,0.01
1614,0.01
1615,0.01
1616,0.03
1617,0.01
1618,0.05
1619,
1620,0.03
1621,0.01
1622,0.01
1623,0.01
1624,0.01
1625,0.03
1626,0.03
1627,0.03
1628,0.07
1629,0.01
1630,0.01
1631,0.01
1632,0.03
1633,0.01
1634,0.01
1635,0.01
1636,0.01
1637,0.03
1638,0.03
1639,0.01
1640,0.03
1641,0.01
1642,0.03
1643,0.01
1644,0.01
1645,0.03
1646,0.01
1647,0.03
1648,0.03
1649,0.01
1650,0.03
1651,0.03
1652,0.05
1653,0.01
1654,0.01
1655,0.01
1656,0.01
1657,0.01
1658,0.03
1659,0.01
1660,0.01
1661,0.03
1662,0.03
1663,0.01
1664,0.01
1665,0.07
1666,0.07
1667,0.03
1668,0.03
1669,0.03
1670,0.03
1671,0.03
1672,0.05
1673,0.01
1674,0.01
1675,0.01
1676,0.05
1677,0.03
1678,0.03
1679,0.01
1680,0.01
1681,0.01
1682,0.01
1683,0.01
1684,0.01
1685,0.03
1686,0.01
1687,0.01
1688,0.01
1689,0.01
1690,0.01
1691,0.01
1692,0.03
1693,0.03
1694,0.01
1695,0.01
1696,0.01
1697,0.03
1698,0.03
1699,0.01
1700,0.01
1701,0.01
1702,0.01
1703,0.01
1704,0.01
1705,0.01
1706,0.01
1707,0.01
1708,0.03
1709,0.01
1710,0.01
1711,0.01
1712,0.01
1713,0.01
1714,0.05
1715,0.03
1716,0.01
1717,0.03
1718,0.01
1719,0.01
1720,0.03
1721,0.03
1722,0.03
1723,0.07
1724,0.05
1725,0.05
1726,0.03
1727,0.01
1728,0.01
1729,0.01
1730,0.01
1731,0.01
1732,0.05
1733,0.03
1734,0.03
1735,0.03
1736,0.01
1737,0.05
1738,0.01
1739,0.03
1740,0.01
1741,0.01
1742,0.01
1743,0.03
1744,0.03
1745,0.03
1746,0.07
1747,0.07
1748,0.05
1749,0.07
1750,0.03
1751,0.03
1752,0.05
1753,0.01
1754,0.01
1755,0.01
1756,0.01
1757,0.03
1758,0.01
1759,0.03
1760,0.03
1761,0.01
1762,0.01
1763,0.03
1764,0.01
1765,0.01
1766,0.01
1767,0.01
1768,0.03
1769,0.03
1770,0.03
1771,0.03
1772,0.07
1773,0.07
1774,0.03
1775,0.01
1776,0.03
1777,0.01
1778,0.01
1779,0.01
1780,0.01
1781,0.01
1782,0.01
1783,0.01
1784,0.03
1785,0.01
1786,0.01
1787,0.03
1788,0.03
1789,0.03
1790,0.01
1791,0.01
1792,0.01
1793,0.01
1794,0.03
1795,0.03
1796,0.05
1797,0.03
1798,0.03
1799,0.01
1800,0.03
1801,0.01
1802,0.01
1803,0.01
1804,0.01
1805,0.03
1806,0.03
1807,0.01
1808,0.03
1809,0.01
1810,0.01
1811,0.01
1812,0.01
1813,0.01
1814,0.01
1815,0.01
1816,0.07
1817,0.05
1818,0.03
1819,0.01
1820,0.05
1821,0.01
1822,0.01
1823,0.01
1824,0.01
1825,0.03
1826,0.01
1827,0.01
1828,0.01
1829,0.01
1830,0.03
1831,0.03
1832,0.03
1833,0.03
1834,0.01
1835,0.01
1836,0.01
1837,0.03
1838,0.03
1839,0.01
1840,0.01
1841,0.03
1842,0.01
1843,0.03
1844,0.05
1845,0.03
1846,0.01
1847,0.03
1848,0.01
1849,0.01
1850,0.01
1851,0.01
1852,0.01
1853,0.03
1854,0.03
1855,0.01
1856,0.01
1857,0.01
1858,0.01
1859,0.01
1860,0.01
1861,0.03
1862,0.03
1863,0.03
1864,0.05
1865,0.03
1866,0.03
1867,0.03
1868,0.05
1869,0.01
1870,0.01
1871,0.01
1872,0.01
1873,0.01
1874,0.01
1875,0.03
1876,0.01
1877,0.03
1878,0.03
1879,0.01
1880,0.03
1881,0.01
1882,0.01
1883,0.01
1884,0.03
1885,0.03
1886,0.01
1887,0.01
1888,0.01
1889,0.03
1890,0.03
1891,0.05
1892,0.03
1893,0.01
1894,0.01
1895,0.01
1896,0.01
1897,0.01
1898,0.01
1899,0.01
1900,0.03
1901,0.01
1902,0.01
1903,0.01
1904,0.03
1905,0.03
1906,0.01
1907,0.03
1908,0.03
1909,0.01
1910,0.03
1911,0.01
1912,0.03
1913,0.03
1914,0.07
1915,0.07
1916,0.07
1917,0.07
1918,0.07
1919,0.07
1920,0.05
1921,0.01
1922,0.01
1923,0.01
1924,0.01
1925,0.01
1926,0.01
1927,0.03
1928,0.03
1929,0.01
1930,0.01
1931,0.01
1932,0.01
1933,0.03
1934,0.01
1935,0.01
1936,0.03
1937,0.03
1938,0.01
1939,0.01
1940,0.05
1941,0.03
1942,0.03
1943,0.01
1944,0.01
1945,0.01
1946,0.01
1947,0.01
1948,0.03
1949,0.01
1950,0.01
1951,0.01
1952,0.03
1953,0.01
1954,0.01
1955,0.03
1956,0.01
1957,0.01
1958,0.01
1959,0.01
1960,0.01
1961,0.01
1962,0.05
1963,0.03
1964,0.05
1965,0.03
1966,0.01
1967,0.01
1968,0.01
1969,0.03
1970,0.03
1971,0.03
1972,0.01
1973,0.05
1974,0.05
1975,0.03
1976,0.01
1977,0.01
1978,0.03
1979,0.03
1980,0.01
1981,0.03
1982,0.03
1983,0.01
1984,0.03
1985,0.01
1986,0.03
1987,0.05
1988,0.05
1989,0.03
1990,0.01
1991,0.01
1992,0.03
1993,0.01
1994,0.01
1995,0.01
1996,0.03
1997,0.01
1998,0.01
1999,0.01
2000,0.01
2001,0.05
2002,0.05
2003,0.03
2004,0.01
2005,0.03
2006,0.01
2007,0.01
2008,0.01
2009,0.03
2010,0.01
2011,0.03
2012,0.03
2013,0.05
2014,0.03
2015,0.01
2016,0.01
2017,0.01
2018,0.03
2019,0.03
2020,0.01
2021,0.01
2022,0.01
2023,0.01
2024,0.03
2025,0.01
2026,0.01
2027,0.01
2028,0.01
2029,0.01
2030,0.01
2031,0.01
2032,0.03
2033,0.03
2034,0.03
2035,0.01
2036,0.05
2037,0.01
2038,0.01
2039,0.01
2040,0.03
2041,0.01
2042,0.01
2043,0.01
2044,0.03
2045,0.05
2046,0.01
2047,0.03
2048,0.01
2049,0.01
2050,0.03
2051,0.01
2052,0.03
2053,0.01
2054,0.01
2055,0.03
2056,0.01
2057,0.01
2058,0.05
2059,0.05
2060,0.03
2061,0.01
2062,0.01
2063,0.01
2064,0.01
2065,0.01
2066,0.03
2067,0.01
2068,0.01
2069,0.01
2070,0.01
2071,0.01
2072,0.01
2073,0.01
2074,0.01
2075,0.03
2076,0.03
2077,0.01
2078,0.01
2079,0.01
2080,0.03
2081,0.03
2082,0.05
2083,0.05
2084,0.03
2085,0.03
2086,0.01
2087,0.01
2088,0.01
2089,0.03
2090,0.01
2091,0.03
2092,0.01
2093,0.01
2094,0.01
2095,0.01
2096,0.03
2097,0.01
2098,0.03
2099,0.01
2100,0.01
2101,0.03
2102,0.01
2103,0.01
2104,0.01
2105,0.03
2106,0.03
2107,0.03
2108,0.03
2109,0.03
2110,0.01
2111,0.01
2112,0.01
2113,0.01
2114,0.03
2115,0.03
2116,0.01
2117,0.01
2118,0.01
2119,0.01
2120,0.03
2121,0.03
2122,0.01
2123,0.03
2124,0.01
2125,0.01
2126,0.01
2127,0.01
2128,0.01
2129,0.01
2130,0.01
2131,0.03
2132,0.01
2133,0.01
2134,0.01
2135,0.01
2136,0.01
2137,0.01
2138,0.01
2139,0.01
2140,0.03
2141,0.03
2142,0.01
2143,0.01
2144,0.01
2145,0.01
2146,0.01
2147,0.01
2148,0.01
2149,0.01
2150,0.03
2151,0.01
2152,0.01
2153,0.03
2154,0.03
2155,0.01
2156,0.03
2157,0.01
2158,0.03
2159,0.01
2160,0.01
2161,0.03
2162,0.03
2163,0.05
2164,0.05
2165,0.07
2166,0.03
2167,0.01
2168,0.01
2169,0.03
2170,0.01
2171,0.01
2172,0.01
2173,0.03
2174,0.03
2175,0.01
2176,0.03
2177,0.01
2178,0.01
2179,0.01
2180,0.01
2181,0.01
2182,0.01
2183,0.01
2184,0.01
2185,0.01
2186,0.01
2187,0.01
2188,0.03
2189,0.05
2190,0.01
2191,0.05
2192,0.03
2193,0.03
2194,0.03
2195,0.05
2196,0.01
2197,0.01
2198,0.01
2199,0.01
2200,0.03
2201,0.01
2202,0.01
2203,0.01
2204,0.03
2205,0.03
2206,0.03
2207,0.01
2208,0.01
2209,0.01
2210,0.01
2211,0.01
2212,0.03
2213,0.01
2214,0.01
2215,0.01
2216,0.01
2217,0.03
2218,0.01
2219,0.01
2220,0.03
2221,0.03
2222,0.01
2223,0.01
2224,0.03
2225,0.05
2226,
2227,0.07
2228,
2229,0.05
2230,0.03
2231,0.01
2232,0.03
2233,0.01
2234,0.01
2235,0.03
2236,0.01
2237,0.01
2238,0.01
2239,0.03
2240,0.03
2241,0.03
2242,0.01
2243,0.01
2244,0.03
2245,0.01
2246,0.01
2247,0.03
2248,0.03
2249,0.01
2250,0.03
2251,0.03
2252,0.01
2253,0.05
2254,0.03
2255,0.01
2256,0.03
2257,0.03
2258,0.01
2259,0.03
2260,0.01
2261,0.03
2262,0.01
2263,0.01
2264,0.01
2265,0.01
2266,0.03
2267,0.01
2268,0.01
2269,0.03
2270,0.03
2271,0.01
2272,0.05
2273,0.05
2274,0.01
2275,0.01
2276,0.03
2277,0.07
2278,0.07
2279,0.01
2280,0.01
2281,0.03
2282,0.01
2283,0.01
2284,0.01
2285,0.01
2286,0.01
2287,0.01
2288,0.01
2289,0.01
2290,0.01
2291,0.03
2292,0.05
2293,0.01
2294,0.01
2295,0.01
2296,0.03
2297,0.03
2298,0.03
2299,0.01
2300,0.01
2301,0.05
2302,0.05
2303,0.01
2304,0.01
2305,0.03
2306,0.05
2307,0.05
2308,0.01
2309,0.01
2310,0.03
2311,0.03
2312,0.05
2313,0.01
2314,0.01
2315,0.01
2316,0.01
2317,0.01
2318,0.01
2319,0.03
2320,0.03
2321,0.05
2322,0.05
2323,0.05
2324,0.05
2325,0.01
2326,0.01
2327,0.01
2328,0.03
2329,0.03
2330,0.01
2331,0.01
2332,0.01
2333,0.01
2334,0.03
2335,0.01
2336,0.03
2337,0.03
2338,0.01
2339,0.01
2340,0.03
2341,0.03
2342,0.03
2343,0.03
2344,0.03
2345,0.03
2346,0.03
2347,0.03
2348,0.03
2349,0.01
2350,0.01
2351,0.01
2352,0.01
2353,0.01
2354,0.01
2355,0.01
2356,0.01
2357,0.01
2358,0.03
2359,0.03
2360,0.01
2361,0.01
2362,0.03
2363,0.01
2364,0.03
2365,0.03
2366,0.03
2367,0.01
2368,0.03
2369,0.03
2370,0.05
2371,0.05
2372,0.07
2373,0.01
2374,0.01
2375,0.03
2376,0.01
2377,0.01
2378,0.03
2379,0.03
2380,0.05
2381,0.01
2382,0.01
2383,0.01
2384,0.03
2385,0.01
2386,0.05
2387,0.03
2388,0.01
2389,0.01
2390,0.01
2391,0.01
2392,0.03
2393,0.03
2394,0.05
2395,
2396,0.05
2397,0.03
2398,0.01
2399,0.01
2400,0.01
2401,0.01
2402,0.01
2403,0.01
2404,0.01
2405,0.03
2406,0.01
2407,0.01
2408,0.01
2409,0.01
2410,0.01
2411,0.01
2412,0.03
2413,0.01
2414,0.01
2415,0.01
2416,0.01
2417,0.03
2418,0.03
2419,0.03
2420,0.03
2421,0.03
2422,0.03
2423,0.01
2424,0.01
2425,0.01
2426,0.01
2427,0.05
2428,0.01
2429,0.01
2430,0.01
2431,0.01
2432,0.03
2433,0.01
2434,0.01
2435,0.01
2436,0.03
2437,0.03
2438,0.01
2439,0.01
2440,0.01
2441,0.05
2442,0.03
2443,0.01
2444,0.03
2445,0.05
2446,0.03
2447,0.01
2448,0.03
2449,0.01
2450,0.01
2451,0.01
2452,0.01
2453,0.03
2454,0.05
2455,0.01
2456,0.01
2457,0.01
2458,0.01
2459,0.05
2460,0.03
2461,0.01
2462,0.01
2463,0.01
2464,0.01
2465,0.01
2466,0.03
2467,0.01
2468,0.03
2469,0.01
2470,0.01
2471,0.03
2472,0.01
2473,0.01
2474,0.03
2475,0.03
2476,0.01
2477,0.01
2478,0.01
2479,0.01
2480,0.05
2481,0.03
2482,0.03
2483,0.01
2484,0.01
2485,0.01
2486,0.01
2487,0.01
2488,0.03
2489,0.03
2490,0.07
2491,0.05
2492,0.03
2493,0.05
2494,0.03
2495,0.03
2496,0.03
2497,0.01
2498,0.01
2499,0.01
2500,0.03
2501,0.03
2502,0.03
2503,0.03
2504,0.01
2505,0.01
2506,0.01
2507,0.03
2508,0.01
2509,0.01
2510,0.01
2511,0.05
2512,0.01
2513,0.01
2514,0.01
2515,0.01
2516,0.03
2517,0.01
2518,0.01
2519,0.01
2520,0.01
2521,0.01
2522,0.01
2523,0.03
2524,0.05
2525,0.01
2526,0.01
2527,0.01
2528,0.03
2529,0.01
2530,0.03
2531,0.01
2532,0.01
2533,0.01
2534,0.01
2535,0.01
2536,0.03
2537,0.01
2538,0.03
2539,0.01
2540,0.03
2541,0.01
2542,0.01
2543,0.01
2544,0.01
2545,0.01
2546,0.01
2547,0.01
2548,0.01
2549,0.05
2550,0.05
2551,0.03
2552,0.01
2553,0.01
2554,0.01
2555,0.01
2556,0.03
2557,0.01
2558,0.03
2559,0.01
2560,0.01
2561,0.03
2562,0.07
2563,
2564,
2565,0.05
2566,0.01
2567,0.01
2568,0.01
2569,0.01
2570,0.01
2571,0.03
2572,0.03
2573,0.03
2574,0.03
2575,0.01
2576,0.01
2577,0.03
2578,0.03
2579,0.01
2580,0.03
2581,0.01
2582,0.03
2583,0.01
2584,0.01
2585,0.01
2586,0.03
2587,0.05
2588,0.03
2589,0.03
2590,0.03
2591,0.01
2592,0.03
2593,0.01
2594,0.03
2595,0.01
2596,0.01
2597,0.01
2598,0.01
2599,0.01
2600,0.03
2601,0.01
2602,0.01
2603,0.03
2604,0.03
2605,0.01
2606,0.03
2607,0.01
2608,0.03
2609,0.05
2610,0.01
2611,0.01
2612,0.01
2613,0.03
2614,0.07
2615,0.01
2616,0.01
2617,0.03
2618,0.01
2619,0.05
2620,0.01
2621,0.01
2622,0.01
2623,0.01
2624,0.03
2625,0.03
2626,0.01
2627,0.03
2628,0.03
2629,0.01
2630,0.01
2631,0.01
2632,0.01
2633,0.03
2634,0.03
2635,0.01
2636,0.01
2637,0.03
2638,0.03
2639,0.05
2640,0.03
2641,0.01
2642,0.03
2643,0.03
2644,0.03
2645,0.01
2646,0.03
2647,0.03
2648,0.03
2649,0.03
2650,0.05
2651,0.01
2652,0.01
2653,0.01
2654,0.03
2655,0.03
2656,0.03
2657,0.03
2658,0.03
2659,0.05
2660,0.07
2661,0.03
2662,0.03
2663,0.03
2664,0.03
2665,0.01
2666,0.01
2667,0.01
2668,0.01
2669,0.05
2670,0.03
2671,0.01
2672,0.03
2673,0.05
2674,0.01
2675,0.01
2676,0.01
2677,0.03
2678,0.03
2679,0.01
2680,0.01
2681,0.03
2682,0.01
2683,0.03
2684,0.01
2685,0.03
2686,0.01
2687,0.01
2688,0.01
2689,0.01
2690,0.01
2691,0.03
2692,0.01
2693,0.03
2694,0.03
2695,0.01
2696,0.01
2697,0.03
2698,0.03
2699,0.01
2700,0.01
2701,0.01
2702,0.01
2703,0.01
2704,0.03
2705,0.01
2706,0.07
2707,0.05
2708,0.03
2709,0.03
2710,0.01
2711,0.03
2712,0.01
2713,0.01
2714,0.01
2715,0.03
2716,0.03
2717,0.03
2718,0.03
2719,0.03
2720,0.01
2721,0.01
2722,0.01
2723,0.01
2724,0.01
2725,0.01
2726,0.01
2727,0.03
2728,0.01
2729,0.05
2730,
2731,
2732,0.05
2733,0.03
2734,0.01
2735,0.01
2736,0.03
2737,0.01
2738,0.01
2739,0.01
2740,0.01
2741,0.01
2742,0.01
2743,0.01
2744,0.01
2745,0.03
2746,0.01
2747,0.03
2748,0.01
2749,0.01
2750,0.01
2751,0.03
2752,0.01
2753,0.01
2754,0.07
2755,0.05
2756,0.01
2757,0.05
2758,0.03
2759,0.01
2760,0.01
2761,0.01
2762,0.01
2763,0.03
2764,0.01
2765,0.03
2766,0.01
2767,0.01
2768,0.03
2769,0.03
2770,0.03
2771,0.03
2772,0.03
2773,0.01
2774,0.01
2775,0.01
2776,0.03
2777,0.03
2778,0.05
2779,0.01
2780,0.03
2781,0.01
2782,0.05
2783,0.03
2784,0.01
2785,0.03
2786,0.01
2787,0.03
2788,0.01
2789,0.01
2790,0.01
2791,0.01
2792,0.01
2793,0.01
2794,0.03
2795,0.01
2796,0.01
2797,0.01
2798,0.01
2799,0.01
2800,0.01
2801,0.01
2802,0.01
2803,0.01
2804,0.03
2805,0.03
2806,0.03
2807,0.01
2808,0.01
2809,0.01
2810,0.01
2811,0.01
2812,0.03
2813,0.01
2814,0.01
2815,0.01
2816,0.01
2817,0.05
2818,0.05
2819,0.01
2820,0.01
2821,0.01
2822,0.01
2823,0.03
2824,0.03
2825,0.03
2826,0.03
2827,0.03
2828,0.01
2829,0.03
2830,0.01
2831,0.01
2832,0.01
2833,0.01
2834,0.03
2835,0.01
2836,0.03
2837,0.05
2838,0.03
2839,0.01
2840,0.01
2841,0.01
2842,0.01
2843,0.01
2844,0.01
2845,0.01
2846,0.03
2847,0.03
2848,0.05
2849,0.03
2850,0.03
2851,0.01
2852,0.03
2853,0.03
2854,0.03
2855,0.01
2856,0.01
2857,0.01
2858,0.01
2859,0.03
2860,0.03
2861,0.03
2862,0.01
2863,0.01
2864,0.01
2865,0.01
2866,0.01
2867,0.03
2868,0.01
2869,0.01
2870,0.01
2871,0.01
2872,0.01
2873,0.07
2874,
2875,0.07
2876,0.01
2877,0.01
2878,0.01
2879,0.01
2880,0.01
2881,0.01
2882,0.01
2883,0.01
2884,0.01
2885,0.01
2886,0.03
2887,0.01
2888,0.03
2889,0.01
2890,0.01
2891,0.01
2892,0.01
2893,0.01
2894,0.01
2895,0.03
2896,0.03
2897,0.05
2898,
2899,
2900,
2901,0.03
2902,0.01
2903,0.03
2904,0.01
2905,0.01
2906,0.01
2907,0.01
2908,0.03
2909,0.01
2910,0.01
2911,0.03
2912,0.01
2913,0.03
2914,0.01
2915,0.01
2916,0.01
2917,0.03
2918,0.03
2919,0.03
2920,0.01
2921,0.03
2922,0.01
2923,0.01
2924,0.01
2925,0.03
2926,0.03
2927,0.01
2928,0.03
2929,0.01
2930,0.01
2931,0.01
2932,0.01
2933,0.01
2934,0.01
2935,0.01
2936,0.01
2937,0.03
2938,0.01
2939,0.01
2940,0.03
2941,0.03
2942,0.01
2943,0.03
2944,0.03
2945,0.03
2946,0.03
2947,0.03
2948,0.03
2949,0.01
2950,0.05
2951,0.03
2952,0.01
2953,0.03
2954,0.01
2955,0.01
2956,0.01
2957,0.01
2958,0.01
2959,0.01
2960,0.01
2961,0.03
2962,0.01
2963,0.01
2964,0.01
2965,0.01
2966,0.01
2967,0.01
2968,0.03
2969,0.01
2970,0.01
2971,0.01
2972,0.01
2973,0.01
2974,0.03
2975,0.03
2976,0.03
2977,0.01
2978,0.03
2979,0.03
2980,0.01
2981,0.01
2982,0.01
2983,0.01
2984,0.03
2985,0.03
2986,0.01
2987,0.01
2988,0.01
2989,0.01
2990,0.03
2991,0.03
2992,0.01
2993,0.05
2994,0.05
2995,0.05
2996,0.05
2997,0.05
2998,0.03
2999,0.01
3000,0.01
3001,0.03
3002,0.01
3003,0.01
3004,0.01
3005,0.03
3006,0.01
3007,0.01
3008,0.01
3009,0.03
3010,0.03
3011,0.03
3012,0.03
3013,0.01
3014,0.01
3015,0.03
3016,0.01
3017,0.01
3018,0.03
3019,0.05
3020,0.03
3021,0.03
3022,0.01
3023,0.01
3024,0.01
3025,0.01
3026,0.01
3027,0.05
3028,0.01
3029,0.01
3030,0.01
3031,0.01
3032,0.01
3033,0.01
3034,0.03
3035,0.01
3036,0.01
3037,0.01
3038,0.05
3039,0.01
3040,0.03
3041,0.05
3042,0.07
3043,0.07
3044,0.05
3045,0.01
3046,0.01
3047,0.01
3048,0.01
3049,0.01
3050,0.01
3051,0.01
3052,0.03
3053,0.01
3054,0.01
3055,0.01
3056,0.01
3057,0.01
3058,0.03
3059,0.03
3060,0.03
3061,0.01
3062,0.03
3063,0.01
3064,0.03
3065,0.03
3066,
3067,0.07
3068,0.07
3069,0.01
3070,0.01
3071,0.01
3072,0.01
3073,0.03
3074,0.01
3075,0.01
3076,0.01
3077,0.01
3078,0.01
3079,0.01
3080,0.01
3081,0.01
3082,0.01
3083,0.01
3084,0.03
3085,0.01
3086,0.03
3087,0.05
3088,0.01
3089,0.01
3090,0.03
3091,0.03
3092,0.01
3093,0.01
3094,0.05
3095,0.03
3096,0.03
3097,0.03
3098,0.01
3099,0.01
3100,0.01
3101,0.03
3102,0.01
3103,0.01
3104,0.01
3105,0.01
3106,0.03
3107,0.01
3108,0.03
3109,0.03
3110,0.01
3111,0.01
3112,0.03
3113,0.03
3114,0.01
3115,0.05
3116,0.01
3117,0.03
3118,0.03
3119,0.07
3120,0.05
3121,0.01
3122,0.01
3123,0.01
3124,0.01
3125,0.03
3126,0.01
3127,0.01
3128,0.03
3129,0.03
3130,0.03
3131,0.03
3132,0.01
3133,0.03
3134,0.01
3135,0.03
3136,0.03
3137,0.03
3138,0.01
3139,0.03
3140,0.05
3141,0.01
3142,0.01
3143,0.01
3144,0.05
3145,0.03
3146,0.01
3147,0.01
3148,0.01
3149,0.03
3150,0.03
3151,0.03
3152,0.03
3153,0.01
3154,0.01
3155,0.05
3156,0.03
3157,0.03
3158,0.03
3159,0.01
3160,0.03
3161,0.03
3162,0.03
3163,0.03
3164,0.01
3165,0.01
3166,0.01
3167,0.03
3168,0.03
3169,0.03
3170,0.01
3171,0.01
3172,0.03
3173,0.01
3174,0.01
3175,0.01
3176,0.01
3177,0.01
3178,0.01
3179,0.03
3180,0.03
3181,0.01
3182,0.03
3183,0.03
3184,0.03
3185,0.05
3186,0.03
3187,0.05
3188,0.03
3189,0.03
3190,0.01
3191,0.01
3192,0.01
3193,0.01
3194,0.03
3195,0.01
3196,0.01
3197,0.01
3198,0.01
3199,0.01
3200,0.01
3201,0.01
3202,0.03
3203,0.03
3204,0.01
3205,0.01
3206,0.03
3207,0.03
3208,0.01
3209,0.07
3210,0.07
3211,0.07
3212,0.03
3213,0.01
3214,0.01
3215,0.01
3216,0.03
3217,0.01
3218,0.03
3219,0.01
3220,0.03
3221,0.01
3222,0.03
3223,0.03
3224,0.01
3225,0.01
3226,0.03
3227,0.05
3228,0.03
3229,0.01
3230,0.01
3231,0.01
3232,0.03
3233,0.05
3234,
3235,
3236,
3237,0.03
3238,0.03
3239,0.01
3240,0.03
3241,0.03
3242,0.01
3243,0.01
3244,0.01
3245,0.01
3246,0.03
3247,0.01
3248,0.01
3249,0.01
3250,0.01
3251,0.01
3252,0.03
3253,0.03
3254,0.03
3255,0.03
3256,0.03
3257,0.01
3258,0.03
3259,0.07
3260,0.03
3261,0.01
3262,0.01
3263,0.01
3264,0.03
3265,0.03
3266,0.01
3267,0.01
3268,0.01
3269,0.01
3270,0.01
3271,0.01
3272,0.01
3273,0.01
3274,0.01
3275,0.01
3276,0.01
3277,0.03
3278,0.03
3279,0.01
3280,0.03
3281,0.03
3282,0.01
3283,0.03
3284,0.03
3285,0.03
3286,0.03
3287,0.05
3288,0.07
3289,0.01
3290,0.01
3291,0.03
3292,0.01
3293,0.01
3294,0.01
3295,0.01
3296,0.01
3297,0.01
3298,0.01
3299,0.01
3300,0.03
3301,0.03
3302,0.01
3303,0.03
3304,0.01
3305,0.03
3306,0.03
3307,0.05
3308,0.03
3309,0.01
3310,0.01
3311,0.01
3312,0.03
3313,0.01
3314,0.01
3315,0.01
3316,0.01
3317,0.03
3318,0.01
3319,0.01
3320,0.05
3321,0.03
3322,0.01
3323,0.03
3324,0.01
3325,0.03
3326,0.01
3327,0.01
3328,0.01
3329,0.01
3330,0.01
3331,0.07
3332,0.07
3333,0.01
3334,0.01
3335,0.03
3336,0.03
3337,0.01
3338,0.03
3339,0.01
3340,0.03
3341,0.01
3342,0.01
3343,0.01
3344,0.03
3345,0.03
3346,0.01
3347,0.01
3348,0.01
3349,0.01
3350,0.01
3351,0.01
3352,0.03
3353,0.03
3354,0.01
3355,0.05
3356,0.07
3357,0.03
3358,0.01
3359,0.01
3360,0.03
3361,0.01
3362,0.01
3363,0.03
3364,0.01
3365,0.01
3366,0.03
3367,0.03
3368,0.01
3369,0.01
3370,0.01
3371,0.03
3372,0.05
3373,0.03
3374,0.01
3375,0.03
3376,0.01
3377,0.03
3378,0.07
3379,0.07
3380,0.05
3381,0.03
3382,0.01
3383,0.01
3384,0.01
3385,0.03
3386,0.05
3387,0.03
3388,0.01
3389,0.03
3390,0.03
3391,0.01
3392,0.01
3393,0.01
3394,0.01
3395,0.03
3396,0.01
3397,0.01
3398,0.01
3399,0.01
3400,0.01
3401,0.05
3402,
3403,
3404,0.07
3405,0.03
3406,0.01
3407,0.01
3408,0.03
3409,0.03
3410,0.03
3411,0.03
3412,0.03
3413,0.01
3414,0.01
3415,0.01
3416,0.01
3417,0.01
3418,0.01
3419,0.01
3420,0.01
3421,0.01
3422,0.01
3423,0.05
3424,0.01
3425,0.01
3426,0.03
3427,0.03
3428,0.03
3429,0.01
3430,0.03
3431,0.01
3432,0.01
3433,0.01
3434,0.03
3435,0.03
3436,0.01
3437,0.01
3438,0.01
3439,0.01
3440,0.01
3441,0.01
3442,0.03
3443,0.03
3444,0.01
3445,0.01
3446,0.01
3447,0.03
3448,0.03
3449,0.01
3450,0.05
3451,0.05
3452,0.05
3453,0.03
3454,0.03
3455,0.01
3456,0.03
3457,0.01
3458,0.01
3459,0.01
3460,0.03
3461,0.03
3462,0.01
3463,0.01
3464,0.01
3465,0.05
3466,0.03
3467,0.01
3468,0.01
3469,0.03
3470,0.01
3471,0.01
3472,0.01
3473,0.01
3474,0.05
3475,0.05
3476,0.07
3477,0.03
3478,0.01
3479,0.01
3480,0.03
3481,0.03
3482,0.03
3483,0.03
3484,0.01
3485,0.01
3486,0.03
3487,0.01
3488,0.01
3489,0.01
3490,0.01
3491,0.01
3492,0.01
3493,0.01
3494,0.01
3495,0.01
3496,0.01
3497,0.01
3498,0.01
3499,0.05
3500,
3501,0.01
3502,0.01
3503,0.03
3504,0.01
3505,0.01
3506,0.03
3507,0.03
3508,0.01
3509,0.03
3510,0.01
3511,0.01
3512,0.01
3513,0.01
3514,0.03
3515,0.01
3516,0.01
3517,0.01
3518,0.01
3519,0.03
3520,0.07
3521,0.03
3522,0.01
3523,0.03
3524,0.01
3525,0.01
3526,0.03
3527,0.03
3528,0.03
3529,0.01
3530,0.01
3531,0.01
3532,0.03
3533,0.01
3534,0.03
3535,0.01
3536,0.01
3537,0.01
3538,0.01
3539,0.03
3540,0.01
3541,0.05
3542,0.03
3543,0.01
3544,0.01
3545,0.07
3546,
3547,0.05
3548,0.03
3549,0.01
3550,0.01
3551,0.01
3552,0.03
3553,0.03
3554,0.03
3555,0.03
3556,0.01
3557,0.01
3558,0.01
3559,0.01
3560,0.01
3561,0.01
3562,0.03
3563,0.03
3564,0.03
3565,0.03
3566,0.03
3567,0.01
3568,0.03
3569,0.07
3570,
3571,
3572,
3573,0.03
3574,0.03
3575,0.03
3576,0.03
3577,0.03
3578,0.01
3579,0.03
3580,0.01
3581,0.01
3582,0.01
3583,0.01
3584,0.01
3585,0.03
3586,0.01
3587,0.01
3588,0.01
3589,0.03
3590,0.01
3591,0.03
3592,0.01
3593,0.01
3594,0.03
3595,0.01
3596,0.03
3597,0.01
3598,0.03
3599,0.03
3600,0.03
3601,0.03
3602,0.01
3603,0.01
3604,0.03
3605,0.01
3606,0.01
3607,0.01
3608,0.01
3609,0.03
3610,0.01
3611,0.01
3612,0.01
3613,0.01
3614,0.01
3615,0.01
3616,0.01
3617,0.01
3618,0.01
3619,0.01
3620,0.03
3621,0.05
3622,0.03
3623,0.03
3624,0.01
3625,0.03
3626,0.01
3627,0.01
3628,0.01
3629,0.03
3630,0.01
3631,0.01
3632,0.01
3633,0.01
3634,0.01
3635,0.01
3636,0.01
3637,0.01
3638,0.01
3639,0.03
3640,0.01
3641,0.03
3642,0.05
3643,0.03
3644,0.05
3645,0.01
3646,0.01
3647,0.03
3648,0.01
3649,0.03
3650,0.01
3651,0.01
3652,0.01
3653,0.01
3654,0.01
3655,0.01
3656,0.01
3657,0.03
3658,0.01
3659,0.01
3660,0.01
3661,0.01
3662,0.01
3663,0.01
3664,0.01
3665,0.01
3666,0.01
3667,0.03
3668,0.07
3669,0.03
3670,0.01
3671,0.01
3672,0.01
3673,0.03
3674,0.03
3675,0.03
3676,0.03
3677,0.01
3678,0.01
3679,0.01
3680,0.01
3681,0.01
3682,0.05
3683,0.03
3684,0.01
3685,0.01
3686,0.01
3687,0.03
3688,0.01
3689,0.01
3690,0.05
3691,0.05
3692,0.07
3693,0.03
3694,0.03
3695,0.01
3696,0.01
3697,0.03
3698,0.03
3699,0.01
3700,0.03
3701,0.01
3702,0.01
3703,0.01
3704,0.01
3705,0.01
3706,0.03
3707,0.05
3708,0.05
3709,0.01
3710,0.01
3711,0.01
3712,0.01
3713,0.05
3714,
3715,
3716,0.03
3717,0.03
3718,0.01
3719,0.01
3720,0.01
3721,0.01
3722,0.03
3723,0.03
3724,0.05
3725,0.03
3726,0.03
3727,0.03
3728,0.01
3729,0.03
3730,0.03
3731,0.01
3732,0.03
3733,0.01
3734,0.03
3735,0.01
3736,0.03
3737,0.07
3738,
3739,0.05
3740,0.05
3741,0.01
3742,0.01
3743,0.01
3744,0.03
3745,0.03
3746,0.03
3747,0.01
3748,0.01
3749,0.03
3750,0.03
3751,0.01
3752,0.01
3753,0.05
3754,0.03
3755,0.03
3756,0.03
3757,0.03
3758,0.03
3759,0.05
3760,0.03
3761,0.03
3762,0.05
3763,0.03
3764,0.05
3765,0.01
3766,0.01
3767,0.03
3768,0.03
3769,0.03
3770,0.01
3771,0.03
3772,0.01
3773,0.01
3774,0.01
3775,0.01
3776,0.03
3777,0.01
3778,0.03
3779,0.01
3780,0.03
3781,0.01
3782,0.01
3783,0.01
3784,0.03
3785,0.05
3786,0.05
3787,0.07
3788,0.05
3789,0.01
3790,0.01
3791,0.01
3792,0.01
3793,0.03
3794,0.03
3795,0.01
3796,0.01
3797,0.03
3798,0.01
3799,0.01
3800,0.03
3801,0.03
3802,0.03
3803,0.01
3804,0.03
3805,0.01
3806,0.01
3807,0.01
3808,0.01
3809,0.03
3810,0.05
3811,0.07
3812,0.07
3813,0.01
3814,0.01
3815,0.03
3816,0.03
3817,0.01
3818,0.01
3819,0.01
3820,0.01
3821,0.03
3822,0.05
3823,0.05
3824,0.05
3825,0.03
3826,0.01
3827,0.01
3828,0.01
3829,0.03
3830,0.05
3831,0.03
3832,0.01
3833,0.03
3834,0.03
3835,0.05
3836,0.03
3837,0.01
3838,0.01
3839,0.03
3840,0.03
3841,0.03
3842,0.05
3843,0.01
3844,0.01
3845,0.01
3846,0.03
3847,0.01
3848,0.03
3849,0.01
3850,0.01
3851,0.01
3852,0.01
3853,0.01
3854,0.01
3855,0.01
3856,0.01
3857,0.03
3858,0.03
3859,0.03
3860,0.03
3861,0.01
3862,0.03
3863,0.03
3864,0.03
3865,0.03
3866,0.03
3867,0.01
3868,0.03
3869,0.01
3870,0.01
3871,0.01
3872,0.03
3873,0.01
3874,0.01
3875,0.03
3876,0.05
3877,0.01
3878,0.01
3879,0.03
3880,0.01
3881,0.03
3882,0.07
3883,
3884,0.07
3885,0.01
3886,0.01
3887,0.01
3888,0.01
3889,0.03
3890,0.05
3891,0.03
3892,0.05
3893,0.01
3894,0.01
3895,0.01
3896,0.01
3897,0.01
3898,0.01
3899,0.01
3900,0.01
3901,0.03
3902,0.05
3903,0.01
3904,0.03
3905,0.05
3906,0.07
3907,
3908,0.05
3909,0.03
3910,0.01
3911,0.03
3912,0.01
3913,0.01
3914,0.01
3915,0.01
3916,0.01
3917,0.01
3918,0.01
3919,0.03
3920,0.03
3921,0.01
3922,0.01
3923,0.01
3924,0.03
3925,0.03
3926,0.03
3927,0.05
3928,0.01
3929,0.03
3930,0.01
3931,0.03
3932,0.01
3933,0.01
3934,0.01
3935,0.01
3936,0.03
3937,0.07
3938,0.03
3939,0.01
3940,0.01
3941,0.01
3942,0.01
3943,0.01
3944,0.03
3945,0.05
3946,0.01
3947,0.01
3948,0.03
3949,0.01
3950,0.03
3951,0.01
3952,0.01
3953,0.01
3954,0.03
3955,0.03
3956,0.03
3957,0.01
3958,0.01
3959,0.03
3960,0.03
3961,0.01
3962,0.01
3963,0.01
3964,0.01
3965,0.01
3966,0.03
3967,0.01
3968,0.01
3969,0.03
3970,0.01
3971,0.03
3972,0.03
3973,0.01
3974,0.01
3975,0.03
3976,0.01
3977,0.03
3978,0.03
3979,0.07
3980,0.05
3981,0.03
3982,0.01
3983,0.01
3984,0.03
3985,0.03
3986,0.01
3987,0.03
3988,0.01
3989,0.01
3990,0.01
3991,0.03
3992,0.03
3993,0.01
3994,0.03
3995,0.01
3996,0.03
3997,0.03
3998,0.03
3999,0.01
4000,0.01
4001,0.01
4002,0.03
4003,0.01
4004,0.03
4005,0.01
4006,0.01
4007,0.01
4008,0.01
4009,0.01
4010,0.01
4011,0.01
4012,0.03
4013,0.01
4014,0.01
4015,0.01
4016,0.01
4017,0.01
4018,0.01
4019,0.01
4020,0.01
4021,0.03
4022,0.01
4023,0.03
4024,0.07
4025,0.05
4026,0.03
4027,0.03
4028,0.01
4029,0.01
4030,0.03
4031,0.01
4032,0.01
4033,0.01
4034,0.03
4035,0.01
4036,0.03
4037,0.03
4038,0.03
4039,0.01
4040,0.01
4041,0.01
4042,0.05
4043,0.01
4044,0.01
4045,0.01
4046,0.01
4047,0.01
4048,0.03
4049,0.01
4050,0.03
4051,0.05
4052,0.01
4053,0.01
4054,0.03
4055,0.01
4056,0.03
4057,0.03
4058,0.01
4059,0.03
4060,0.05
4061,0.03
4062,0.01
4063,0.03
4064,0.01
4065,0.01
4066,0.01
4067,0.03
4068,0.01
4069,0.03
4070,0.01
4071,0.03
4072,0.01
4073,0.01
4074,0.01
4075,0.03
4076,0.03
4077,0.05
4078,0.01
4079,0.03
4080,0.01
4081,0.01
4082,0.03
4083,0.01
4084,0.01
4085,0.01
4086,0.01
4087,0.01
4088,0.01
4089,0.01
4090,0.01
4091,0.05
4092,
4093,0.07
4094,0.03
4095,0.03
4096,0.03
4097,0.01
4098,0.01
4099,0.01
4100,0.03
4101,0.01
4102,0.01
4103,0.01
4104,0.03
4105,0.01
4106,0.01
4107,0.03
4108,0.01
4109,0.03
4110,0.01
4111,0.01
4112,0.03
4113,0.01
4114,0.01
4115,0.05
4116,0.05
4117,0.05
4118,0.03
4119,0.03
4120,0.03
4121,0.03
4122,0.03
4123,0.03
4124,0.03
4125,0.03
4126,0.03
4127,0.01
4128,0.01
4129,0.01
4130,0.03
4131,0.01
4132,0.01
4133,0.01
4134,0.01
4135,0.01
4136,0.01
4137,0.03
4138,0.05
4139,0.01
4140,0.03
4141,0.05
4142,0.01
4143,0.01
4144,0.01
4145,0.03
4146,0.03
4147,0.05
4148,0.05
4149,0.05
4150,0.03
4151,0.01
4152,0.01
4153,0.03
4154,0.01
4155,0.03
4156,0.01
4157,0.01
4158,0.01
4159,0.01
4160,0.01
4161,0.05
4162,0.03
4163,0.01
4164,0.01
4165,0.01
4166,0.03
4167,0.03
4168,0.03
4169,0.05
4170,0.07
4171,0.07
4172,0.05
4173,0.03
4174,0.01
4175,0.01
4176,0.01
4177,0.03
4178,0.03
4179,0.01
4180,0.01
4181,0.01
4182,0.01
4183,0.01
4184,0.03
4185,0.03
4186,0.03
4187,0.01
4188,0.01
4189,0.01
4190,0.01
4191,0.01
4192,0.05
4193,0.03
4194,0.05
4195,0.07
4196,0.05
4197,0.01
4198,0.01
4199,0.01
4200,0.01
4201,0.03
4202,0.03
4203,0.01
4204,0.03
4205,0.01
4206,0.01
4207,0.03
4208,0.03
4209,0.03
4210,0.01
4211,0.03
4212,0.01
4213,0.01
4214,0.01
4215,0.01
4216,0.05
4217,0.03
4218,0.07
4219,
4220,0.05
4221,0.01
4222,0.01
4223,0.01
4224,0.01
4225,0.01
4226,0.03
4227,0.01
4228,0.03
4229,0.01
4230,0.01
4231,0.01
4232,0.01
4233,0.03
4234,0.01
4235,0.01
4236,0.01
4237,0.01
4238,0.01
4239,0.01
4240,0.01
4241,0.01
4242,0.01
4243,0.05
4244,0.05
4245,0.03
4246,0.03
4247,0.01
4248,0.01
4249,0.01
4250,0.01
4251,0.01
4252,0.01
4253,0.01
4254,0.03
4255,0.01
4256,0.01
4257,0.03
4258,0.01
4259,0.01
4260,0.01
4261,0.01
4262,0.03
4263,0.05
4264,0.01
4265,0.03
4266,0.01
4267,0.03
4268,0.01
4269,0.01
4270,0.03
4271,0.03
4272,0.03
4273,0.05
4274,0.01
4275,0.01
4276,0.01
4277,0.01
4278,0.01
4279,0.01
4280,0.01
4281,0.01
4282,0.03
4283,0.03
4284,0.03
4285,0.03
4286,0.03
4287,0.03
4288,0.01
4289,0.05
4290,0.01
4291,0.01
4292,0.03
4293,0.01
4294,0.05
4295,0.05
4296,0.01
4297,0.01
4298,0.05
4299,0.03
4300,0.03
4301,0.03
4302,0.01
4303,0.01
4304,0.03
4305,0.01
4306,0.01
4307,0.05
4308,0.01
4309,0.03
4310,0.01
4311,0.01
4312,0.05
4313,0.01
4314,0.03
4315,0.03
4316,0.01
4317,0.03
4318,0.05
4319,0.03
4320,0.03
4321,0.01
4322,0.01
4323,0.01
4324,0.01
4325,0.01
4326,0.03
4327,0.03
4328,0.05
4329,0.01
4330,0.01
4331,0.03
4332,0.03
4333,0.01
4334,0.03
4335,0.01
4336,0.01
4337,0.01
4338,0.03
4339,0.03
4340,0.07
4341,0.01
4342,0.01
4343,0.01
4344,0.03
4345,0.01
4346,0.03
4347,0.01
4348,0.01
4349,0.01
4350,0.03
4351,0.03
4352,0.01
4353,0.01
4354,0.01
4355,0.03
4356,0.01
4357,0.03
4358,0.01
4359,0.01
4360,0.03
4361,0.03
4362,0.03
4363,0.05
4364,0.05
4365,0.03
4366,0.05
4367,0.05
4368,0.03
4369,0.05
4370,0.03
4371,0.01
4372,0.01
4373,0.03
4374,0.01
4375,0.01
4376,0.01
4377,0.01
4378,0.05
4379,0.01
4380,0.03
4381,0.01
4382,0.03
4383,0.01
4384,0.01
4385,0.01
4386,0.03
4387,0.05
4388,0.03
4389,0.01
4390,0.01
4391,0.01
4392,0.03
4393,0.03
4394,0.01
4395,0.01
4396,0.05
4397,0.01
4398,0.03
4399,0.01
4400,0.01
4401,0.01
4402,0.03
4403,0.01
4404,0.03
4405,0.03
4406,0.01
4407,0.01
4408,0.01
4409,0.01
4410,0.05
4411,0.07
4412,0.07
4413,0.03
4414,0.03
4415,0.03
4416,0.01
4417,0.03
4418,0.01
4419,0.01
4420,0.01
4421,0.03
4422,0.01
4423,0.01
4424,0.03
4425,0.05
4426,0.01
4427,0.01
4428,0.01
4429,0.01
4430,0.01
4431,0.03
4432,0.03
4433,0.03
4434,0.01
4435,0.03
4436,0.07
4437,0.03
4438,0.01
4439,0.03
4440,0.01
4441,0.07
4442,0.03
4443,0.01
4444,0.03
4445,0.03
4446,0.03
4447,0.01
4448,0.03
4449,0.03
4450,0.01
4451,0.01
4452,0.01
4453,0.01
4454,0.03
4455,0.01
4456,0.01
4457,0.01
4458,0.01
4459,0.01
4460,0.01
4461,0.01
4462,0.07
4463,0.03
4464,0.01
4465,0.01
4466,0.01
4467,0.01
4468,0.01
4469,0.01
4470,0.03
4471,0.03
4472,0.03
4473,0.01
4474,0.03
4475,0.01
4476,0.01
4477,0.01
4478,0.03
4479,0.01
4480,0.01
4481,0.01
4482,0.03
4483,0.01
4484,0.01
4485,0.01
4486,0.01
4487,0.03
4488,0.03
4489,0.01
4490,0.03
4491,0.03
4492,0.01
4493,0.01
4494,0.01
4495,0.01
4496,0.03
4497,0.03
4498,0.03
4499,0.03
4500,0.01
4501,0.01
4502,0.03
4503,0.01
4504,0.03
4505,0.01
4506,0.05
4507,0.01
4508,0.01
4509,0.03
4510,0.01
4511,0.01
4512,0.03
4513,0.03
4514,0.03
4515,0.03
4516,0.03
4517,0.01
4518,0.01
4519,0.03
4520,0.03
4521,0.05
4522,0.03
4523,0.05
4524,0.01
4525,0.01
4526,0.01
4527,0.01
4528,0.01
4529,0.01
4530,0.05
4531,0.07
4532,0.07
4533,0.01
4534,0.01
4535,0.01
4536,0.01
4537,0.03
4538,0.01
4539,0.03
4540,0.01
4541,0.01
4542,0.01
4543,0.05
4544,0.05
4545,0.01
4546,0.01
4547,0.03
4548,0.01
4549,0.05
4550,0.03
4551,0.03
4552,0.01
4553,0.03
4554,0.05
4555,
4556,0.07
4557,0.01
4558,0.01
4559,0.01
4560,0.01
4561,0.01
4562,0.03
4563,0.03
4564,0.01
4565,0.01
4566,0.01
4567,0.01
4568,0.01
4569,0.01
4570,0.01
4571,0.01
4572,0.03
4573,0.03
4574,0.01
4575,0.01
4576,0.01
4577,0.03
4578,0.03
4579,0.03
4580,0.05
4581,0.03
4582,0.03
4583,0.03
4584,0.01
4585,0.01
4586,0.01
4587,0.01
4588,0.03
4589,0.01
4590,0.01
4591,0.01
4592,0.01
4593,0.01
4594,0.01
4595,0.03
4596,0.03
4597,0.05
4598,0.03
4599,0.01
4600,0.03
4601,0.01
4602,0.03
4603,0.03
4604,0.05
4605,0.03
4606,0.03
4607,0.01
4608,0.01
4609,0.01
4610,0.01
4611,0.01
4612,0.01
4613,0.01
4614,0.01
4615,0.01
4616,0.01
4617,0.05
4618,0.03
4619,0.03
4620,0.03
4621,0.03
4622,0.03
4623,0.03
4624,0.01
4625,0.01
4626,0.01
4627,0.03
4628,0.03
4629,0.01
4630,0.03
4631,0.07
4632,0.03
4633,0.01
4634,0.01
4635,0.01
4636,0.01
4637,0.01
4638,0.01
4639,0.01
4640,0.01
4641,0.03
4642,0.01
4643,0.03
4644,0.01
4645,0.01
4646,0.03
4647,0.01
4648,0.01
4649,0.03
4650,0.03
4651,0.01
4652,0.01
4653,0.01
4654,0.01
4655,0.01
4656,0.01
4657,0.01
4658,0.03
4659,0.01
4660,0.03
4661,0.01
4662,0.01
4663,0.03
4664,0.01
4665,0.01
4666,0.03
4667,0.01
4668,0.03
4669,0.01
4670,0.01
4671,0.03
4672,0.01
4673,0.03
4674,0.07
4675,0.03
4676,0.03
4677,0.01
4678,0.01
4679,0.01
4680,0.01
4681,0.01
4682,0.01
4683,0.01
4684,0.03
4685,0.03
4686,0.01
4687,0.01
4688,0.03
4689,0.03
4690,0.01
4691,0.03
4692,0.01
4693,0.01
4694,0.01
4695,0.01
4696,0.05
4697,0.05
4698,0.05
4699,0.03
4700,0.03
4701,0.05
4702,0.03
4703,0.03
4704,0.03
4705,0.07
4706,0.01
4707,0.01
4708,0.01
4709,0.01
4710,0.01
4711,0.01
4712,0.01
4713,0.01
4714,0.01
4715,0.03
4716,0.01
4717,0.01
4718,0.03
4719,0.03
4720,0.01
4721,0.01
4722,0.03
4723,0.05
4724,0.03
4725,0.01
4726,0.03
4727,0.03
4728,0.03
4729,0.03
4730,0.03
4731,0.01
4732,0.01
4733,0.03
4734,0.01
4735,0.01
4736,0.01
4737,0.01
4738,0.01
4739,0.01
4740,0.01
4741,0.01
4742,0.03
4743,0.01
4744,0.01
4745,0.03
4746,0.05
4747,0.05
4748,0.03
4749,0.05
4750,0.01
4751,0.03
4752,0.03
4753,0.01
4754,0.03
4755,0.01
4756,0.01
4757,0.01
4758,0.01
4759,0.03
4760,0.03
4761,0.03
4762,0.03
4763,0.03
4764,0.01
4765,0.01
4766,0.01
4767,0.01
4768,0.01
4769,0.01
4770,0.01
4771,0.03
4772,0.01
4773,0.03
4774,0.03
4775,0.01
4776,0.03
4777,0.01
4778,0.03
4779,0.01
4780,0.01
4781,0.03
4782,0.03
4783,0.03
4784,0.01
4785,0.03
4786,0.01
4787,0.01
4788,0.03
4789,0.01
4790,0.01
4791,0.01
4792,0.01
4793,0.03
4794,0.01
4795,0.01
4796,0.05
4797,0.03
4798,0.01
4799,0.03
4800,0.03
4801,0.01
4802,0.01
4803,0.05
4804,0.01
4805,0.03
4806,0.01
4807,0.01
4808,0.05
4809,0.01
4810,0.03
4811,0.01
4812,0.01
4813,0.01
4814,0.01
4815,0.01
4816,0.01
4817,0.03
4818,0.03
4819,0.01
4820,0.03
4821,0.03
4822,0.01
4823,0.01
4824,0.01
4825,0.03
4826,0.01
4827,0.01
4828,0.03
4829,0.01
4830,0.01
4831,0.01
4832,0.01
4833,0.03
4834,0.01
4835,0.03
4836,0.03
4837,0.01
4838,0.03
4839,0.01
4840,0.01
4841,0.03
4842,0.01
4843,0.03
4844,0.03
4845,0.01
4846,0.01
4847,0.01
4848,0.01
4849,0.03
4850,0.03
4851,0.03
4852,0.01
4853,0.03
4854,0.01
4855,0.03
4856,0.01
4857,0.05
4858,0.03
4859,0.01
4860,0.01
4861,0.03
4862,0.03
4863,0.03
4864,0.03
4865,0.03
4866,0.03
4867,0.01
4868,0.03
4869,0.03
4870,0.01
4871,0.03
4872,0.03
4873,0.01
4874,0.01
4875,0.01
4876,0.03
4877,0.03
4878,0.01
4879,0.01
4880,0.01
4881,0.01
4882,0.01
4883,0.01
4884,0.03
4885,0.01
4886,0.01
4887,0.01
4888,0.03
4889,0.03
4890,0.01
4891,0.05
4892,0.05
4893,0.01
4894,0.03
4895,0.03
4896,0.03
4897,0.01
4898,0.01
4899,0.01
4900,0.01
4901,0.01
4902,0.01
4903,0.01
4904,0.01
4905,0.03
4906,0.03
4907,0.01
4908,0.03
4909,0.01
4910,0.01
4911,0.01
4912,0.01
4913,0.01
4914,0.03
4915,0.05
4916,0.01
4917,0.03
4918,0.01
4919,0.03
4920,0.01
4921,0.01
4922,0.01
4923,0.03
4924,0.01
4925,0.01
4926,0.03
4927,0.01
4928,0.01
4929,0.01
4930,0.03
4931,0.01
4932,0.03
4933,0.03
4934,0.01
4935,0.03
4936,0.03
4937,0.01
4938,0.03
4939,0.07
4940,0.03
4941,0.01
4942,0.03
4943,0.01
4944,0.03
4945,0.05
4946,0.01
4947,0.01
4948,0.01
4949,0.01
4950,0.01
4951,0.03
4952,0.01
4953,0.05
4954,0.01
4955,0.01
4956,0.01
4957,0.03
4958,0.01
4959,0.01
4960,0.03
4961,0.01
4962,0.01
4963,0.05
4964,0.05
4965,0.01
4966,0.03
4967,0.07
4968,0.01
4969,0.01
4970,0.03
4971,0.01
4972,0.01
4973,0.01
4974,0.01
4975,0.03
4976,0.01
4977,0.01
4978,0.03
4979,0.01
4980,0.01
4981,0.03
4982,0.03
4983,0.01
4984,0.01
4985,0.01
4986,0.03
4987,0.03
4988,0.03
4989,0.03
4990,0.03
4991,0.01
4992,0.01
4993,0.01
4994,0.01
4995,0.03
4996,0.01
4997,0.01
4998,0.01
4999,0.01
5000,0.03
5001,0.03
5002,0.03
5003,0.01
5004,0.01
5005,0.01
5006,0.01
5007,0.05
5008,0.01
5009,0.03
5010,0.07
5011,
5012,0.07
5013,0.01
5014,0.03
5015,0.01
5016,0.01
5017,0.01
5018,0.01
5019,0.03
5020,0.01
5021,0.01
5022,0.01
5023,0.03
5024,0.03
5025,0.05
5026,0.01
5027,0.03
5028,0.01
5029,0.03
5030,0.01
5031,0.01
5032,0.01
5033,0.03
5034,0.05
5035,0.07
5036,
5037,0.01
5038,0.01
5039,0.01
5040,0.01
5041,0.01
5042,0.01
5043,0.03
5044,0.01
5045,0.03
5046,0.01
5047,0.01
5048,0.01
5049,0.01
5050,0.01
5051,0.03
5052,0.01
5053,0.05
5054,0.03
5055,0.03
5056,0.03
5057,0.07
5058,0.07
5059,0.07
5060,
5061,0.03
5062,0.01
5063,0.01
5064,0.01
5065,0.01
5066,0.01
5067,0.01
5068,0.01
5069,0.01
5070,0.01
5071,0.01
5072,0.01
5073,0.01
5074,0.03
5075,0.05
5076,0.05
5077,0.03
5078,0.03
5079,0.01
5080,0.01
5081,0.03
5082,0.03
5083,0.01
5084,0.03
5085,0.01
5086,0.01
5087,0.03
5088,0.03
5089,0.03
5090,0.01
5091,0.01
5092,0.01
5093,0.03
5094,0.01
5095,0.03
5096,0.01
5097,0.03
5098,0.01
5099,0.01
5100,0.01
5101,0.01
5102,0.01
5103,0.01
5104,0.03
5105,0.01
5106,0.01
5107,0.05
5108,0.05
5109,0.01
5110,0.01
5111,0.03
5112,0.03
5113,0.03
5114,0.01
5115,0.01
5116,0.01
5117,0.01
5118,0.01
5119,0.03
5120,0.01
5121,0.01
5122,0.01
5123,0.01
5124,0.01
5125,0.01
5126,0.01
5127,0.03
5128,0.01
5129,0.05
5130,0.01
5131,0.03
5132,0.01
5133,0.01
5134,0.01
5135,0.03
5136,0.03
5137,0.03
5138,0.01
5139,0.01
5140,0.01
5141,0.01
5142,0.01
5143,0.01
5144,0.03
5145,0.03
5146,0.03
5147,0.01
5148,0.01
5149,0.01
5150,0.01
5151,0.01
5152,0.03
5153,0.01
5154,0.01
5155,0.01
5156,0.03
5157,0.01
5158,0.01
5159,0.03
5160,0.01
5161,0.03
5162,0.03
5163,0.01
5164,0.01
5165,0.01
5166,0.01
5167,0.01
5168,0.03
5169,0.05
5170,0.01
5171,0.03
5172,0.03
5173,0.03
5174,0.01
5175,0.03
5176,0.03
5177,0.01
5178,0.05
5179,0.01
5180,0.03
5181,0.01
5182,0.01
5183,0.01
5184,0.01
5185,0.03
5186,0.01
5187,0.01
5188,0.01
5189,0.01
5190,0.03
5191,0.03
5192,0.01
5193,0.01
5194,0.03
5195,0.03
5196,0.03
5197,0.03
5198,0.01
5199,0.03
5200,0.01
5201,0.01
5202,0.03
5203,0.03
5204,0.05
5205,0.03
5206,0.01
5207,0.01
5208,0.01
5209,0.01
5210,0.01
5211,0.03
5212,0.01
5213,0.03
5214,0.01
5215,0.03
5216,0.01
5217,0.01
5218,0.03
5219,0.03
5220,0.01
5221,0.01
5222,0.01
5223,0.01
5224,0.03
5225,0.03
5226,0.05
5227,0.01
5228,0.03
5229,0.01
5230,0.03
5231,0.01
5232,0.01
5233,0.01
5234,0.01
5235,0.01
5236,0.03
5237,0.01
5238,0.01
5239,0.01
5240,0.03
5241,0.01
5242,0.01
5243,0.03
5244,0.03
5245,0.01
5246,0.03
5247,0.03
5248,0.01
5249,0.01
5250,0.05
5251,
5252,0.03
5253,0.01
5254,0.01
5255,0.03
5256,0.01
5257,0.03
5258,0.01
5259,0.01
5260,0.01
5261,0.03
5262,0.01
5263,0.01
5264,0.03
5265,0.03
5266,0.03
5267,0.01
5268,0.01
5269,0.03
5270,0.01
5271,0.03
5272,0.01
5273,0.01
5274,0.03
5275,0.03
5276,0.05
5277,0.01
5278,0.01
5279,0.03
5280,0.01
5281,0.03
5282,0.03
5283,0.01
5284,0.01
5285,0.01
5286,0.01
5287,0.03
5288,0.01
5289,0.01
5290,0.01
5291,0.01
5292,0.01
5293,0.01
5294,0.01
5295,0.01
5296,0.01
5297,0.03
5298,0.01
5299,0.03
5300,0.07
5301,0.01
5302,0.03
5303,0.03
5304,0.05
5305,0.03
5306,0.03
5307,0.03
5308,0.03
5309,0.01
5310,0.01
5311,0.03
5312,0.01
5313,0.03
5314,0.01
5315,0.03
5316,0.01
5317,0.01
5318,0.01
5319,0.01
5320,0.01
5321,0.03
5322,0.03
5323,0.05
5324,0.07
5325,0.01
5326,0.03
5327,0.01
5328,0.01
5329,0.03
5330,0.01
5331,0.03
5332,0.03
5333,0.01
5334,0.03
5335,0.03
5336,0.03
5337,0.03
5338,0.01
5339,0.01
5340,0.01
5341,0.01
5342,0.01
5343,0.03
5344,0.01
5345,0.03
5346,0.03
5347,0.03
5348,0.07
5349,0.03
5350,0.01
5351,0.03
5352,0.03
5353,0.01
5354,0.01
5355,0.01
5356,0.01
5357,0.01
5358,0.03
5359,0.01
5360,0.01
5361,0.01
5362,0.03
5363,0.01
5364,0.05
5365,0.03
5366,0.03
5367,0.03
5368,0.03
5369,0.03
5370,0.03
5371,0.05
5372,0.03
5373,0.01
5374,0.03
5375,0.01
5376,0.01
5377,0.03
5378,0.03
5379,0.01
5380,0.01
5381,0.01
5382,0.01
5383,0.05
5384,0.03
5385,0.03
5386,0.01
5387,0.01
5388,0.01
5389,0.03
5390,0.01
5391,0.01
5392,0.05
5393,0.05
5394,0.05
5395,
5396,
5397,0.05
5398,0.03
5399,0.03
5400,0.03
5401,0.03
5402,0.01
5403,0.01
5404,0.01
5405,0.01
5406,0.01
5407,0.03
5408,0.01
5409,0.03
5410,0.03
5411,0.03
5412,0.05
5413,0.01
5414,0.03
5415,0.01
5416,0.01
5417,0.01
5418,0.03
5419,0.07
5420,0.03
5421,0.03
5422,0.01
5423,0.03
5424,0.03
5425,0.05
5426,0.03
5427,0.03
5428,0.01
5429,0.03
5430,0.01
5431,0.01
5432,0.01
5433,0.01
5434,0.01
5435,0.03
5436,0.03
5437,0.01
5438,0.03
5439,0.01
5440,0.01
5441,0.01
5442,0.01
5443,0.01
5444,0.01
5445,0.03
5446,0.01
5447,0.05
5448,0.03
5449,0.01
5450,0.03
5451,0.05
5452,0.01
5453,0.03
5454,0.01
5455,0.01
5456,0.01
5457,0.03
5458,0.01
5459,0.01
5460,0.01
5461,0.03
5462,0.03
5463,0.03
5464,0.01
5465,0.01
5466,0.01
5467,0.03
5468,0.03
5469,0.03
5470,0.01
5471,0.01
5472,0.01
5473,0.01
5474,0.03
5475,0.05
5476,0.03
5477,0.01
5478,0.01
5479,0.01
5480,0.05
5481,0.01
5482,0.03
5483,0.01
5484,0.03
5485,0.03
5486,0.01
5487,0.01
5488,0.01
5489,0.01
5490,0.03
5491,0.01
5492,0.03
5493,0.01
5494,0.05
5495,0.03
5496,0.01
5497,0.03
5498,0.01
5499,0.01
5500,0.03
5501,0.03
5502,0.01
5503,0.01
5504,0.01
5505,0.01
5506,0.01
5507,0.03
5508,0.03
5509,0.03
5510,0.01
5511,0.03
5512,0.03
5513,0.01
5514,0.01
5515,0.03
5516,0.03
5517,0.03
5518,0.03
5519,0.03
5520,0.01
5521,0.03
5522,0.01
5523,0.01
5524,0.01
5525,0.03
5526,0.01
5527,0.03
5528,0.03
5529,0.03
5530,0.01
5531,0.01
5532,0.05
5533,0.03
5534,0.01
5535,0.03
5536,0.05
5537,0.01
5538,0.03
5539,0.03
5540,0.01
5541,0.01
5542,0.03
5543,0.01
5544,0.03
5545,0.01
5546,0.01
5547,0.01
5548,0.03
5549,0.01
5550,0.01
5551,0.03
5552,0.03
5553,0.01
5554,0.01
5555,0.03
5556,0.01
5557,0.03
5558,0.01
5559,0.01
5560,0.03
5561,0.05
5562,0.03
5563,0.07
5564,0.07
5565,0.01
5566,0.01
5567,0.01
5568,0.01
5569,0.03
5570,0.03
5571,0.03
5572,0.03
5573,0.01
5574,0.03
5575,0.01
5576,0.03
5577,0.03
5578,0.05
5579,0.03
5580,0.05
5581,0.05
5582,0.01
5583,0.03
5584,0.01
5585,0.03
5586,0.03
5587,0.07
5588,0.03
5589,0.03
5590,0.01
5591,0.03
5592,0.05
5593,0.01
5594,0.01
5595,0.03
5596,0.01
5597,0.01
5598,0.03
5599,0.03
5600,0.03
5601,0.01
5602,0.01
5603,0.03
5604,0.03
5605,0.01
5606,0.01
5607,0.01
5608,0.01
5609,0.01
5610,0.01
5611,0.01
5612,0.01
5613,0.01
5614,0.01
5615,0.03
5616,0.03
5617,0.03
5618,0.01
5619,0.01
5620,0.03
5621,0.01
5622,0.01
5623,0.01
5624,0.01
5625,0.01
5626,0.01
5627,0.03
5628,0.03
5629,0.01
5630,0.03
5631,0.01
5632,0.01
5633,0.01
5634,0.03
5635,0.03
5636,0.01
5637,0.03
5638,0.01
5639,0.01
5640,0.03
5641,0.01
5642,0.03
5643,0.03
5644,0.01
5645,0.01
5646,0.01
5647,0.01
5648,0.01
5649,0.01
5650,0.05
5651,0.03
5652,0.03
5653,0.01
5654,0.01
5655,0.01
5656,0.03
5657,0.01
5658,0.01
5659,0.01
5660,0.03
5661,0.01
5662,0.01
5663,0.01
5664,0.01
5665,0.01
5666,0.03
5667,0.03
5668,0.05
5669,0.03
5670,0.03
5671,0.01
5672,0.03
5673,0.05
5674,0.03
5675,0.03
5676,0.03
5677,0.01
5678,0.01
5679,0.03
5680,0.05
5681,0.01
5682,0.01
5683,0.03
5684,0.03
5685,0.01
5686,0.03
5687,0.03
5688,0.01
5689,0.01
5690,0.01
5691,0.01
5692,0.03
5693,0.03
5694,0.01
5695,0.01
5696,0.03
5697,0.07
5698,0.01
5699,0.01
5700,0.03
5701,0.01
5702,0.01
5703,0.03
5704,0.01
5705,0.03
5706,0.03
5707,0.05
5708,0.05
5709,0.01
5710,0.03
5711,0.01
5712,0.01
5713,0.03
5714,0.03
5715,0.01
5716,0.03
5717,0.03
5718,0.03
5719,0.05
5720,0.01
5721,0.01
5722,0.03
5723,0.01
5724,0.05
5725,0.01
5726,0.03
5727,0.03
5728,0.01
5729,0.03
5730,0.05
5731,0.05
5732,0.03
5733,0.01
5734,0.01
5735,0.01
5736,0.01
5737,0.01
5738,0.01
5739,0.01
5740,0.01
5741,0.03
5742,0.03
5743,0.03
5744,0.03
5745,0.01
5746,0.03
5747,0.03
5748,0.01
5749,0.03
5750,0.01
5751,0.01
5752,0.03
5753,0.03
5754,0.03
5755,0.03
5756,0.03
5757,0.03
5758,0.01
5759,0.01
5760,0.01
5761,0.01
5762,0.01
5763,0.01
5764,0.03
5765,0.03
5766,0.01
5767,0.01
5768,0.01
5769,0.03
5770,0.03
5771,0.01
5772,0.01
5773,0.01
5774,0.01
5775,0.01
5776,0.01
5777,0.03
5778,0.01
5779,0.01
5780,0.03
5781,0.01
5782,0.01
5783,0.01
5784,0.03
5785,0.01
5786,0.01
5787,0.01
5788,0.01
5789,0.03
5790,0.01
5791,0.03
5792,0.03
5793,0.01
5794,0.01
5795,0.03
5796,0.01
5797,0.01
5798,0.01
5799,0.01
5800,0.03
5801,0.03
5802,0.01
5803,0.01
5804,0.01
5805,0.01
5806,0.01
5807,0.01
5808,0.01
5809,0.01
5810,0.03
5811,0.03
5812,0.01
5813,0.03
5814,0.03
5815,0.03
5816,0.03
5817,0.03
5818,0.01
5819,0.07
5820,0.01
5821,0.01
5822,0.01
5823,0.03
5824,0.01
5825,0.01
5826,0.03
5827,0.03
5828,0.03
5829,0.03
5830,0.03
5831,0.01
5832,0.03
5833,0.03
5834,0.01
5835,0.01
5836,0.03
5837,0.03
5838,0.01
5839,0.01
5840,0.01
5841,0.01
5842,0.01
5843,0.01
5844,0.01
5845,0.05
5846,0.03
5847,0.03
5848,0.01
5849,0.01
5850,0.03
5851,0.03
5852,0.05
5853,0.01
5854,0.01
5855,0.01
5856,0.01
5857,0.03
5858,0.03
5859,0.01
5860,0.03
5861,0.01
5862,0.01
5863,0.01
5864,0.03
5865,0.01
5866,0.01
5867,0.01
5868,0.03
5869,0.01
5870,0.01
5871,0.01
5872,0.03
5873,0.05
5874,0.03
5875,0.03
5876,0.03
5877,0.01
5878,0.03
5879,0.03
5880,0.03
5881,0.01
5882,0.03
5883,0.03
5884,0.01
5885,0.03
5886,0.03
5887,0.03
5888,0.01
5889,0.03
5890,0.01
5891,0.01
5892,0.03
5893,0.03
5894,0.03
5895,0.03
5896,0.01
5897,0.03
5898,0.03
5899,
5900,0.01
5901,0.01
5902,0.01
5903,0.01
5904,0.03
5905,0.01
5906,0.01
5907,0.03
5908,0.01
5909,0.03
5910,0.01
5911,0.03
5912,0.01
5913,0.03
5914,0.01
5915,0.01
5916,0.01
5917,0.03
5918,0.01
5919,0.01
5920,0.01
5921,0.03
5922,0.01
5923,0.07
5924,0.03
5925,0.01
5926,0.03
5927,0.01
5928,0.03
5929,0.01
5930,0.03
5931,0.03
5932,0.03
5933,0.01
5934,0.03
5935,0.01
5936,0.01
5937,0.03
5938,0.01
5939,0.03
5940,0.03
5941,0.01
5942,0.01
5943,0.01
5944,0.01
5945,0.01
5946,0.03
5947,0.01
5948,0.01
5949,0.01
5950,0.01
5951,0.03
5952,0.01
5953,0.01
5954,0.03
5955,0.01
5956,0.03
5957,0.01
5958,0.01
5959,0.03
5960,0.03
5961,0.01
5962,0.03
5963,0.01
5964,0.03
5965,0.01
5966,0.01
5967,0.03
5968,0.03
5969,0.03
5970,0.03
5971,0.01
5972,0.01
5973,0.01
5974,0.05
5975,0.03
5976,0.05
5977,0.03
5978,0.03
5979,0.01
5980,0.01
5981,0.05
5982,0.01
5983,0.01
5984,0.03
5985,0.03
5986,0.03
5987,0.01
5988,0.03
5989,0.03
5990,0.01
5991,0.03
5992,0.01
5993,0.01
5994,0.03
5995,0.01
5996,0.03
5997,0.01
5998,0.03
5999,0.01
6000,0.01
6001,0.01
6002,0.01
6003,0.03
6004,0.03
6005,0.05
6006,0.01
6007,0.01
6008,0.01
6009,0.01
6010,0.01
6011,0.03
6012,0.07
6013,0.05
6014,0.05
6015,0.01
6016,0.01
6017,0.03
6018,0.05
6019,0.03
6020,0.05
6021,0.03
6022,0.01
6023,0.01
6024,0.01
6025,0.03
6026,0.01
6027,0.01
6028,0.03
6029,0.03
6030,0.01
6031,0.03
6032,0.01
6033,0.03
6034,0.07
6035,0.01
6036,0.01
6037,0.01
6038,0.01
6039,0.01
6040,0.03
6041,0.01
6042,0.03
6043,0.01
6044,0.03
6045,0.03
6046,0.01
6047,0.01
6048,0.01
6049,0.01
6050,0.01
6051,0.03
6052,0.03
6053,0.03
6054,0.03
6055,0.03
6056,0.05
6057,0.03
6058,0.01
6059,0.03
6060,0.01
6061,0.01
6062,0.03
6063,0.01
6064,0.03
6065,0.05
6066,0.05
6067,0.05
6068,0.05
6069,0.03
6070,0.03
6071,0.01
6072,0.01
6073,0.01
6074,0.03
6075,0.01
6076,0.05
6077,0.05
6078,0.03
6079,0.03
6080,0.01
6081,0.03
6082,0.03
6083,0.03
6084,0.03
6085,0.03
6086,0.01
6087,0.01
6088,0.01
6089,0.03
6090,0.05
6091,
6092,0.07
6093,0.01
6094,0.05
6095,0.03
6096,0.03
6097,0.01
6098,0.01
6099,0.01
6100,0.01
6101,0.01
6102,0.03
6103,0.03
6104,0.03
6105,0.05
6106,0.03
6107,0.01
6108,0.05
6109,0.01
6110,0.01
6111,0.03
6112,0.01
6113,0.03
6114,0.03
6115,0.03
6116,0.05
6117,0.01
6118,0.03
6119,0.03
6120,0.03
6121,0.01
6122,0.01
6123,0.01
6124,0.01
6125,0.03
6126,0.01
6127,0.01
6128,0.01
6129,0.01
6130,0.03
6131,0.01
6132,0.01
6133,0.01
6134,0.01
6135,0.01
6136,0.03
6137,0.03
6138,0.03
6139,0.03
6140,0.07
6141,0.01
6142,0.05
6143,0.03
6144,0.01
6145,0.01
6146,0.01
6147,0.01
6148,0.03
6149,0.01
6150,0.01
6151,0.01
6152,0.01
6153,0.01
6154,0.01
6155,0.03
6156,0.05
6157,0.03
6158,0.01
6159,0.01
6160,0.03
6161,0.01
6162,0.03
6163,0.05
6164,0.07
6165,0.03
6166,0.01
6167,0.01
6168,0.01
6169,0.01
6170,0.01
6171,0.01
6172,0.03
6173,0.03
6174,0.01
6175,0.01
6176,0.01
6177,0.03
6178,0.01
6179,0.03
6180,0.05
6181,0.05
6182,0.01
6183,0.01
6184,0.03
6185,0.03
6186,0.03
6187,0.03
6188,0.07
6189,0.03
6190,0.03
6191,0.03
6192,0.01
6193,0.01
6194,0.01
6195,0.01
6196,0.03
6197,0.03
6198,0.01
6199,0.01
6200,0.01
6201,0.03
6202,0.01
6203,0.01
6204,0.03
6205,0.01
6206,0.01
6207,0.01
6208,0.05
6209,0.01
6210,0.01
6211,0.03
6212,0.03
6213,0.07
6214,0.03
6215,0.01
6216,0.01
6217,0.01
6218,0.01
6219,0.03
6220,0.01
6221,0.01
6222,0.01
6223,0.03
6224,0.03
6225,0.01
6226,0.01
6227,0.01
6228,0.01
6229,0.01
6230,0.03
6231,0.03
6232,0.03
6233,0.01
6234,0.03
6235,0.03
6236,0.03
6237,0.01
6238,0.01
6239,0.01
6240,0.01
6241,0.01
6242,0.03
6243,0.01
6244,0.03
6245,0.03
6246,0.03
6247,0.01
6248,0.01
6249,0.03
6250,0.03
6251,0.03
6252,0.01
6253,0.03
6254,0.03
6255,0.01
6256,0.01
6257,0.03
6258,0.05
6259,0.05
6260,0.07
6261,0.05
6262,0.01
6263,0.01
6264,0.01
6265,0.01
6266,0.03
6267,0.01
6268,0.03
6269,0.03
6270,0.03
6271,0.01
6272,0.01
6273,0.03
6274,0.03
6275,0.01
6276,0.01
6277,0.03
6278,0.01
6279,0.01
6280,0.03
6281,0.01
6282,0.01
6283,0.01
6284,0.01
6285,0.01
6286,0.01
6287,0.03
6288,0.01
6289,0.01
6290,0.01
6291,0.01
6292,0.03
6293,0.01
6294,0.03
6295,0.01
6296,0.01
6297,0.03
6298,0.01
6299,0.01
6300,0.03
6301,0.01
6302,0.03
6303,0.03
6304,0.01
6305,0.05
6306,0.01
6307,0.01
6308,0.05
6309,0.01
6310,0.01
6311,0.01
6312,0.01
6313,0.01
6314,0.03
6315,0.03
6316,0.01
6317,0.01
6318,0.01
6319,0.01
6320,0.05
6321,0.03
6322,0.01
6323,0.03
6324,0.05
6325,0.01
6326,0.01
6327,0.03
6328,0.01
6329,0.03
6330,0.03
6331,0.03
6332,0.05
6333,0.01
6334,0.03
6335,0.03
6336,0.03
6337,0.01
6338,0.03
6339,0.03
6340,0.03
6341,0.05
6342,0.01
6343,0.01
6344,0.01
6345,0.01
6346,0.03
6347,0.05
6348,0.05
6349,0.07
6350,0.01
6351,0.01
6352,0.03
6353,0.03
6354,0.01
6355,0.03
6356,0.05
6357,0.01
6358,0.01
6359,0.01
6360,0.01
6361,0.01
6362,0.03
6363,0.03
6364,0.01
6365,0.01
6366,0.01
6367,0.01
6368,0.01
6369,0.05
6370,0.03
6371,0.01
6372,0.01
6373,0.01
6374,0.01
6375,0.03
6376,0.03
6377,0.01
6378,0.01
6379,0.03
6380,0.03
6381,0.07
6382,0.03
6383,0.03
6384,0.03
6385,0.01
6386,0.01
6387,0.01
6388,0.01
6389,0.03
6390,0.03
6391,0.03
6392,0.03
6393,0.01
6394,0.03
6395,0.01
6396,0.03
6397,0.01
6398,0.01
6399,0.03
6400,0.03
6401,0.01
6402,0.03
6403,0.03
6404,0.03
6405,0.05
6406,0.01
6407,0.03
6408,0.03
6409,0.01
6410,0.01
6411,0.01
6412,0.01
6413,0.05
6414,0.01
6415,0.03
6416,0.03
6417,0.03
6418,0.03
6419,0.05
6420,0.05
6421,0.05
6422,0.01
6423,0.03
6424,0.01
6425,0.03
6426,0.05
6427,
6428,0.07
6429,0.07
6430,0.03
6431,0.01
6432,0.01
6433,0.01
6434,0.01
6435,0.01
6436,0.01
6437,0.01
6438,0.01
6439,0.01
6440,0.01
6441,0.03
6442,0.01
6443,0.01
6444,0.03
6445,0.03
6446,0.01
6447,0.03
6448,0.01
6449,0.03
6450,0.01
6451,0.01
6452,0.01
6453,0.01
6454,0.03
6455,0.01
6456,0.01
6457,0.03
6458,0.03
6459,0.03
6460,0.01
6461,0.03
6462,0.01
6463,0.03
6464,0.03
6465,0.01
6466,0.01
6467,0.01
6468,0.03
6469,0.01
6470,0.03
6471,0.03
6472,0.05
6473,0.01
6474,0.05
6475,0.01
6476,0.05
6477,0.01
6478,0.03
6479,0.03
6480,0.03
6481,0.01
6482,0.03
6483,0.03
6484,0.03
6485,0.03
6486,0.03
6487,0.01
6488,0.01
6489,0.03
6490,0.03
6491,0.01
6492,0.01
6493,0.03
6494,0.03
6495,0.01
6496,0.03
6497,0.01
6498,0.03
6499,0.03
6500,0.01
6501,0.01
6502,0.01
6503,0.03
6504,0.03
6505,0.03
6506,0.03
6507,0.01
6508,0.01
6509,0.01
6510,0.01
6511,0.03
6512,0.03
6513,0.03
6514,0.03
6515,0.03
6516,0.03
6517,0.05
6518,0.05
6519,0.01
6520,0.05
6521,0.03
6522,0.05
6523,0.01
6524,0.03
6525,0.01
6526,0.01
6527,0.01
6528,0.01
6529,0.03
6530,0.03
6531,0.03
6532,0.03
6533,0.05
6534,0.03
6535,0.01
6536,0.01
6537,0.05
6538,0.03
6539,0.05
6540,0.03
6541,0.01
6542,0.03
6543,0.01
6544,0.03
6545,0.03
6546,0.03
6547,0.05
6548,0.03
6549,0.05
6550,0.01
6551,0.01
6552,0.01
6553,0.01
6554,0.03
6555,0.01
6556,0.01
6557,0.01
6558,0.01
6559,0.01
6560,0.03
6561,0.01
6562,0.03
6563,0.03
6564,0.01
6565,0.03
6566,0.03
6567,0.01
6568,0.01
6569,0.03
6570,0.03
6571,0.03
6572,0.05
6573,0.03
6574,0.01
6575,0.03
6576,0.01
6577,0.01
6578,0.01
6579,0.01
6580,0.03
6581,0.01
6582,0.01
6583,0.01
6584,0.03
6585,0.03
6586,0.03
6587,0.01
6588,0.01
6589,0.05
6590,0.03
6591,0.01
6592,0.01
6593,0.03
6594,0.03
6595,0.07
6596,
6597,0.03
6598,0.01
6599,0.01
6600,0.03
6601,0.03
6602,0.01
6603,0.01
6604,0.03
6605,0.01
6606,0.01
6607,0.01
6608,0.01
6609,0.03
6610,0.03
6611,0.03
6612,0.03
6613,0.03
6614,0.03
6615,0.01
6616,0.03
6617,0.01
6618,0.03
6619,0.05
6620,0.03
6621,0.01
6622,0.03
6623,0.05
6624,0.05
6625,0.01
6626,0.01
6627,0.01
6628,0.03
6629,0.01
6630,0.01
6631,0.01
6632,0.01
6633,0.01
6634,0.03
6635,0.03
6636,0.03
6637,0.01
6638,0.01
6639,0.03
6640,0.01
6641,0.01
6642,0.03
6643,0.03
6644,0.03
6645,0.01
6646,0.01
6647,0.05
6648,0.01
6649,0.03
6650,0.01
6651,0.03
6652,0.01
6653,0.01
6654,0.01
6655,0.01
6656,0.01
6657,0.01
6658,0.01
6659,0.03
6660,0.05
6661,0.05
6662,0.03
6663,0.01
6664,0.01
6665,0.01
6666,0.01
6667,0.03
6668,0.03
6669,0.01
6670,0.01
6671,0.01
6672,0.01
6673,0.05
6674,0.03
6675,0.03
6676,0.03
6677,0.03
6678,0.01
6679,0.01
6680,0.03
6681,0.01
6682,0.03
6683,0.01
6684,0.03
6685,0.03
6686,0.05
6687,0.01
6688,0.05
6689,0.03
6690,0.03
6691,0.05
6692,0.07
6693,0.01
6694,0.01
6695,0.01
6696,0.01
6697,0.01
6698,0.03
6699,0.01
6700,0.03
6701,0.03
6702,0.01
6703,0.01
6704,0.03
6705,0.01
6706,0.03
6707,0.05
6708,0.03
6709,0.01
6710,0.01
6711,0.03
6712,0.05
6713,0.01
6714,0.01
6715,0.03
6716,0.03
6717,0.03
6718,0.03
6719,0.03
6720,0.01
6721,0.01
6722,0.01
6723,0.01
6724,0.01
6725,0.03
6726,0.01
6727,0.01
6728,0.01
6729,0.01
6730,0.01
6731,0.03
6732,0.03
6733,0.03
6734,0.05
6735,0.01
6736,0.03
6737,0.07
6738,0.01
6739,0.03
6740,0.03
6741,0.01
6742,0.01
6743,0.01
6744,0.01
6745,0.01
6746,0.01
6747,0.03
6748,0.01
6749,0.03
6750,0.01
6751,0.01
6752,0.03
6753,0.01
6754,0.03
6755,0.01
6756,0.05
6757,0.03
6758,0.03
6759,0.01
6760,0.01
6761,0.01
6762,0.01
6763,0.07
6764,0.01
6765,0.01
6766,0.01
6767,0.01
6768,0.01
6769,0.01
6770,0.03
6771,0.03
6772,0.01
6773,0.01
6774,0.01
6775,0.01
6776,0.01
6777,0.01
6778,0.01
6779,0.03
6780,0.05
6781,0.05
6782,0.03
6783,0.03
6784,0.01
6785,0.01
6786,0.03
6787,0.01
6788,0.01
6789,0.01
6790,0.03
6791,0.05
6792,0.03
6793,0.01
6794,0.03
6795,0.03
6796,0.01
6797,0.01
6798,0.01
6799,0.01
6800,0.03
6801,0.01
6802,0.01
6803,0.05
6804,0.01
6805,0.03
6806,0.01
6807,0.03
6808,0.03
6809,0.01
6810,0.03
6811,0.03
6812,0.05
6813,0.03
6814,0.03
6815,0.03
6816,0.01
6817,0.01
6818,0.01
6819,0.01
6820,0.03
6821,0.03
6822,0.01
6823,0.03
6824,0.03
6825,0.01
6826,0.03
6827,0.03
6828,0.03
6829,0.01
6830,0.01
6831,0.01
6832,0.01
6833,0.03
6834,0.03
6835,0.03
6836,0.03
6837,0.01
6838,0.01
6839,0.01
6840,0.03
6841,0.03
6842,0.01
6843,0.01
6844,0.03
6845,0.01
6846,0.01
6847,0.01
6848,0.03
6849,0.01
6850,0.03
6851,0.01
6852,0.03
6853,0.05
6854,0.05
6855,0.01
6856,0.03
6857,0.01
6858,0.01
6859,0.03
6860,0.07
6861,0.01
6862,0.01
6863,0.01
6864,0.01
6865,0.01
6866,0.03
6867,0.01
6868,0.01
6869,0.03
6870,0.01
6871,0.01
6872,0.03
6873,0.01
6874,0.01
6875,0.03
6876,0.03
6877,0.03
6878,0.03
6879,0.03
6880,0.03
6881,0.03
6882,0.03
6883,0.03
6884,
6885,0.01
6886,0.01
6887,0.01
6888,0.01
6889,0.01
6890,0.03
6891,0.03
6892,0.03
6893,0.03
6894,0.03
6895,0.03
6896,0.01
6897,0.03
6898,0.03
6899,0.05
6900,0.01
6901,0.03
6902,0.01
6903,0.01
6904,0.05
6905,0.03
6906,0.03
6907,0.07
6908,0.03
6909,0.01
6910,0.01
6911,0.01
6912,0.03
6913,0.01
6914,0.01
6915,0.01
6916,0.01
6917,0.01
6918,0.01
6919,0.03
6920,0.01
6921,0.01
6922,0.01
6923,0.03
6924,0.05
6925,0.03
6926,0.03
6927,0.01
6928,0.03
6929,0.01
6930,0.03
6931,0.07
6932,0.01
6933,0.01
6934,0.03
6935,0.01
6936,0.03
6937,0.01
6938,0.03
6939,0.01
6940,0.03
6941,0.01
6942,0.01
6943,0.01
6944,0.05
6945,0.01
6946,0.03
6947,0.01
6948,0.03
6949,0.01
6950,0.01
6951,0.01
6952,0.01
6953,0.01
6954,0.01
6955,0.01
6956,0.03
6957,0.01
6958,0.01
6959,0.03
6960,0.03
6961,0.01
6962,0.01
6963,0.01
6964,0.01
6965,0.01
6966,0.01
6967,0.01
6968,0.03
6969,0.01
6970,0.01
6971,0.01
6972,0.05
6973,0.01
6974,0.03
6975,0.01
6976,0.03
6977,0.03
6978,0.01
6979,0.01
6980,0.01
6981,0.01
6982,0.01
6983,0.01
6984,0.03
6985,0.01
6986,0.01
6987,0.01
6988,0.01
6989,0.03
6990,0.01
6991,0.03
6992,0.01
6993,0.01
6994,0.01
6995,0.03
6996,0.01
6997,0.03
6998,0.03
6999,0.01
7000,0.01
7001,0.03
7002,0.01
7003,0.03
7004,0.05
7005,0.01
7006,0.01
7007,0.03
7008,0.01
7009,0.01
7010,0.01
7011,0.01
7012,0.03
7013,0.03
7014,0.01
7015,0.03
7016,0.03
7017,0.03
7018,0.01
7019,0.03
7020,0.01
7021,0.01
7022,0.01
7023,0.03
7024,0.07
7025,0.05
7026,0.03
7027,0.03
7028,0.03
7029,0.03
7030,0.01
7031,0.05
7032,0.01
7033,0.01
7034,0.01
7035,0.01
7036,0.01
7037,0.01
7038,0.01
7039,0.03
7040,0.01
7041,0.05
7042,0.05
7043,0.05
7044,0.01
7045,0.01
7046,0.03
7047,0.01
7048,0.03
7049,0.01
7050,0.01
7051,0.05
7052,0.03
7053,0.03
7054,0.03
7055,0.01
7056,0.01
7057,0.01
7058,0.03
7059,0.03
7060,0.01
7061,0.01
7062,0.01
7063,0.01
7064,0.01
7065,0.01
7066,0.03
7067,0.01
7068,0.01
7069,0.03
7070,0.03
7071,0.01
7072,0.01
7073,0.01
7074,0.03
7075,0.05
7076,0.05
7077,0.03
7078,0.01
7079,0.01
7080,0.01
7081,0.01
7082,0.01
7083,0.01
7084,0.01
7085,0.01
7086,0.03
7087,0.01
7088,0.03
7089,0.03
7090,0.01
7091,0.01
7092,0.01
7093,0.01
7094,0.03
7095,0.03
7096,0.01
7097,0.01
7098,0.05
7099,0.03
7100,0.01
7101,0.01
7102,0.03
7103,0.01
7104,0.01
7105,0.03
7106,0.03
7107,0.01
7108,0.01
7109,0.01
7110,0.03
7111,0.01
7112,0.01
7113,0.03
7114,0.01
7115,0.03
7116,0.03
7117,0.03
7118,0.03
7119,0.01
7120,0.01
7121,0.01
7122,0.01
7123,0.05
7124,
7125,0.01
7126,0.01
7127,0.01
7128,0.01
7129,0.01
7130,0.01
7131,0.03
7132,0.03
7133,0.01
7134,0.01
7135,0.01
7136,0.01
7137,0.01
7138,0.01
7139,0.01
7140,0.03
7141,0.03
7142,0.01
7143,0.01
7144,0.03
7145,0.03
7146,0.01
7147,0.01
7148,0.01
7149,0.03
7150,0.01
7151,0.01
7152,0.03
7153,0.01
7154,0.01
7155,0.01
7156,0.01
7157,0.01
7158,0.01
7159,0.01
7160,0.01
7161,0.03
7162,0.01
7163,0.03
7164,0.03
7165,0.03
7166,0.03
7167,0.03
7168,0.03
7169,0.01
7170,0.03
7171,0.03
7172,0.03
7173,0.03
7174,0.01
7175,0.01
7176,0.01
7177,0.01
7178,0.03
7179,0.01
7180,0.01
7181,0.01
7182,0.01
7183,0.01
7184,0.03
7185,0.01
7186,0.01
7187,0.03
7188,0.01
7189,0.01
7190,0.01
7191,0.01
7192,0.05
7193,0.03
7194,0.01
7195,0.03
7196,0.03
7197,0.03
7198,0.01
7199,0.01
7200,0.01
7201,0.01
7202,0.01
7203,0.03
7204,0.01
7205,0.01
7206,0.01
7207,0.01
7208,0.01
7209,0.05
7210,0.03
7211,0.01
7212,0.01
7213,0.03
7214,0.01
7215,0.01
7216,0.03
7217,0.01
7218,0.01
7219,0.01
7220,0.03
7221,0.03
7222,0.01
7223,0.01
7224,0.01
7225,0.01
7226,0.01
7227,0.01
7228,0.01
7229,0.01
7230,0.01
7231,0.01
7232,0.01
7233,0.01
7234,0.01
7235,0.01
7236,0.01
7237,0.03
7238,0.03
7239,0.01
7240,0.01
7241,0.03
7242,0.01
7243,0.03
7244,0.05
7245,0.01
7246,0.01
7247,0.01
7248,0.03
7249,0.01
7250,0.01
7251,0.03
7252,0.01
7253,0.01
7254,0.01
7255,0.01
7256,0.03
7257,0.03
7258,0.03
7259,0.01
7260,0.03
7261,0.05
7262,0.01
7263,0.01
7264,0.01
7265,0.03
7266,0.01
7267,0.05
7268,0.01
7269,0.03
7270,0.01
7271,0.01
7272,0.03
7273,0.01
7274,0.05
7275,0.03
7276,0.01
7277,0.01
7278,0.03
7279,0.03
7280,0.01
7281,0.01
7282,0.01
7283,0.03
7284,0.03
7285,0.03
7286,0.01
7287,0.01
7288,0.01
7289,0.01
7290,0.01
7291,0.05
7292,0.05
7293,0.01
7294,0.01
7295,0.01
7296,0.03
7297,0.01
7298,0.01
7299,0.01
7300,0.01
7301,0.03
7302,0.01
7303,0.01
7304,0.01
7305,0.01
7306,0.03
7307,0.01
7308,0.01
7309,0.03
7310,0.01
7311,0.01
7312,0.01
7313,0.01
7314,0.01
7315,0.03
7316,0.01
7317,0.03
7318,0.01
7319,0.03
7320,0.01
7321,0.01
7322,0.01
7323,0.01
7324,0.01
7325,0.03
7326,0.01
7327,0.01
7328,0.03
7329,0.03
7330,0.05
7331,0.05
7332,0.01
7333,0.07
7334,0.01
7335,0.01
7336,0.03
7337,0.03
7338,0.03
7339,0.03
7340,0.03
7341,0.01
7342,0.01
7343,0.01
7344,0.03
7345,0.01
7346,0.01
7347,0.03
7348,0.01
7349,0.03
7350,0.03
7351,0.01
7352,0.01
7353,0.01
7354,0.01
7355,0.03
7356,0.03
7357,0.05
7358,0.03
7359,0.03
7360,0.07
7361,0.07
7362,0.05
7363,0.05
7364,0.03
7365,0.01
7366,0.01
7367,0.03
7368,0.01
7369,0.03
7370,0.01
7371,0.03
7372,0.01
7373,0.03
7374,0.05
7375,0.01
7376,0.01
7377,0.03
7378,0.05
7379,0.03
7380,0.01
7381,0.01
7382,0.03
7383,0.01
7384,0.05
7385,0.03
7386,0.01
7387,0.07
7388,0.07
7389,0.05
7390,0.03
7391,0.01
7392,0.01
7393,0.01
7394,0.01
7395,0.03
7396,0.01
7397,0.01
7398,0.03
7399,0.01
7400,0.05
7401,0.01
7402,0.01
7403,0.03
7404,0.05
7405,0.01
7406,0.03
7407,0.01
7408,0.01
7409,0.03
7410,0.03
7411,0.03
7412,0.05
7413,0.01
7414,0.01
7415,0.01
7416,0.01
7417,0.01
7418,0.01
7419,0.01
7420,0.01
7421,0.03
7422,0.01
7423,0.03
7424,0.01
7425,0.01
7426,0.03
7427,0.03
7428,0.03
7429,0.03
7430,0.03
7431,0.01
7432,0.01
7433,0.03
7434,0.01
7435,0.05
7436,0.05
7437,0.03
7438,0.01
7439,0.03
7440,0.03
7441,0.01
7442,0.01
7443,0.01
7444,0.01
7445,0.03
7446,0.01
7447,0.01
7448,0.03
7449,0.05
7450,0.03
7451,0.01
7452,0.01
7453,0.03
7454,0.03
7455,0.01
7456,0.01
7457,0.01
7458,0.01
7459,0.03
7460,0.03
7461,0.01
7462,0.01
7463,0.03
7464,0.03
7465,0.03
7466,0.01
7467,0.01
7468,0.01
7469,0.01
7470,0.01
7471,0.01
7472,0.03
7473,0.03
7474,0.01
7475,0.01
7476,0.01
7477,0.01
7478,0.01
7479,0.01
7480,0.03
7481,0.01
7482,0.01
7483,0.03
7484,0.01
7485,0.01
7486,0.03
7487,0.01
7488,0.03
7489,0.01
7490,0.03
7491,0.05
7492,0.01
7493,0.03
7494,0.01
7495,0.01
7496,0.03
7497,0.01
7498,0.03
7499,0.05
7500,0.01
7501,0.05
7502,0.01
7503,0.01
7504,0.03
7505,0.03
7506,0.01
7507,0.03
7508,0.03
7509,0.03
7510,0.01
7511,0.01
7512,0.03
7513,0.01
7514,0.03
7515,0.01
7516,0.01
7517,0.01
7518,0.01
7519,0.01
7520,0.01
7521,0.03
7522,0.03
7523,0.01
7524,0.01
7525,0.03
7526,0.03
7527,0.01
7528,0.07
7529,0.05
7530,0.01
7531,0.05
7532,
7533,0.05
7534,0.01
7535,0.01
7536,0.01
7537,0.01
7538,0.03
7539,0.03
7540,0.01
7541,0.01
7542,0.05
7543,0.01
7544,0.03
7545,0.01
7546,0.03
7547,0.03
7548,0.03
7549,0.01
7550,0.01
7551,0.01
7552,0.03
7553,0.03
7554,0.03
7555,0.03
7556,0.05
7557,0.07
7558,0.03
7559,0.03
7560,0.03
7561,0.05
7562,0.03
7563,0.03
7564,0.03
7565,0.03
7566,0.03
7567,0.03
7568,0.01
7569,0.01
7570,
7571,0.05
7572,0.01
7573,0.01
7574,0.01
7575,0.01
7576,0.01
7577,0.03
7578,0.01
7579,0.03
7580,0.05
7581,0.01
7582,0.01
7583,0.03
7584,0.03
7585,0.01
7586,0.01
7587,0.03
7588,0.01
7589,0.03
7590,0.01
7591,0.01
7592,0.03
7593,0.03
7594,0.03
7595,0.01
7596,0.01
7597,0.01
7598,0.03
7599,0.03
7600,0.01
7601,0.01
7602,0.01
7603,0.05
7604,0.03
7605,0.01
7606,0.01
7607,0.01
7608,0.03
7609,0.01
7610,0.01
7611,0.01
7612,0.01
7613,0.01
7614,0.01
7615,0.01
7616,0.01
7617,0.01
7618,0.03
7619,0.01
7620,0.01
7621,0.01
7622,0.01
7623,0.01
7624,0.03
7625,0.03
7626,0.01
7627,0.03
7628,0.01
7629,0.01
7630,0.01
7631,0.03
7632,0.01
7633,0.03
7634,0.01
7635,0.01
7636,0.01
7637,0.01
7638,0.01
7639,0.01
7640,0.01
7641,0.03
7642,0.03
7643,0.01
7644,0.03
7645,0.01
7646,0.03
7647,0.01
7648,0.03
7649,0.01
7650,0.01
7651,0.01
7652,0.01
7653,0.01
7654,0.01
7655,0.03
7656,0.01
7657,0.01
7658,0.05
7659,0.01
7660,0.03
7661,0.01
7662,0.01
7663,0.01
7664,0.01
7665,0.05
7666,0.03
7667,0.01
7668,0.01
7669,0.03
7670,0.01
7671,0.01
7672,0.03
7673,0.01
7674,0.01
7675,0.03
7676,0.03
7677,0.01
7678,0.01
7679,0.03
7680,0.01
7681,0.01
7682,0.03
7683,0.01
7684,0.03
7685,0.01
7686,0.03
7687,0.01
7688,0.01
7689,0.03
7690,0.03
7691,0.03
7692,0.01
7693,0.01
7694,0.01
7695,0.03
7696,
7697,0.05
7698,0.03
7699,0.05
7700,0.07
7701,0.01
7702,0.03
7703,0.03
7704,0.01
7705,0.01
7706,0.03
7707,0.01
7708,0.01
7709,0.01
7710,0.05
7711,0.01
7712,0.01
7713,0.03
7714,0.01
7715,0.03
7716,0.01
7717,0.01
7718,0.01
7719,0.01
7720,0.03
7721,0.03
7722,0.01
7723,0.05
7724,0.07
7725,
7726,0.05
7727,0.05
7728,0.05
7729,0.03
7730,0.01
7731,0.03
7732,0.03
7733,0.01
7734,0.01
7735,0.01
7736,0.03
7737,0.03
7738,0.07
7739,0.07
7740,0.03
7741,0.05
7742,0.03
7743,0.01
7744,0.03
7745,0.01
7746,0.03
7747,0.03
7748,0.05
7749,0.03
7750,0.01
7751,0.01
7752,0.01
7753,0.05
7754,0.03
7755,0.01
7756,0.01
7757,0.03
7758,0.03
7759,0.03
7760,0.03
7761,0.03
7762,0.01
7763,0.03
7764,0.01
7765,0.03
7766,0.01
7767,0.03
7768,0.01
7769,0.01
7770,0.01
7771,0.03
7772,0.05
7773,0.03
7774,0.01
7775,0.01
7776,0.03
7777,0.01
7778,0.01
7779,0.01
7780,0.01
7781,0.01
7782,0.01
7783,0.01
7784,0.01
7785,0.03
7786,0.01
7787,0.03
7788,0.01
7789,0.03
7790,0.01
7791,0.01
7792,0.03
7793,0.01
7794,0.01
7795,0.03
7796,0.03
7797,0.03
7798,0.03
7799,0.05
7800,0.03
7801,0.01
7802,0.01
7803,0.01
7804,0.01
7805,0.01
7806,0.01
7807,0.01
7808,0.05
7809,0.01
7810,0.03
7811,0.01
7812,0.03
7813,0.01
7814,0.01
7815,0.01
7816,0.03
7817,0.01
7818,0.01
7819,0.03
7820,0.01
7821,0.03
7822,0.01
7823,0.01
7824,0.03
7825,0.01
7826,0.01
7827,0.03
7828,0.01
7829,0.01
7830,0.01
7831,0.01
7832,0.01
7833,0.01
7834,0.01
7835,0.01
7836,0.03
7837,0.03
7838,0.01
7839,0.03
7840,0.03
7841,0.03
7842,0.01
7843,0.05
7844,0.03
7845,0.01
7846,0.01
7847,0.03
7848,0.01
7849,0.01
7850,0.01
7851,0.01
7852,0.03
7853,0.01
7854,0.01
7855,0.01
7856,0.01
7857,0.03
7858,0.01
7859,0.03
7860,0.01
7861,0.01
7862,0.01
7863,0.03
7864,0.05
7865,0.03
7866,0.01
7867,0.05
7868,0.05
7869,0.05
7870,0.01
7871,0.01
7872,0.01
7873,0.01
7874,0.01
7875,0.01
7876,0.03
7877,0.01
7878,0.01
7879,0.03
7880,0.01
7881,0.03
7882,0.01
7883,0.03
7884,0.01
7885,0.01
7886,0.01
7887,0.01
7888,0.05
7889,0.03
7890,0.03
7891,0.03
7892,0.05
7893,0.05
7894,0.03
7895,0.05
7896,0.03
7897,0.01
7898,0.03
7899,0.03
7900,0.03
7901,0.01
7902,0.01
7903,0.03
7904,0.01
7905,0.01
7906,0.07
7907,0.03
7908,0.01
7909,0.03
7910,0.03
7911,0.01
7912,0.01
7913,0.01
7914,0.01
7915,0.05
7916,0.05
7917,0.01
7918,0.01
7919,0.03
7920,0.03
7921,0.01
7922,0.01
7923,0.01
7924,0.01
7925,0.03
7926,0.01
7927,0.01
7928,0.03
7929,0.01
7930,0.05
7931,0.03
7932,0.01
7933,0.01
7934,0.03
7935,0.01
7936,0.01
7937,0.01
7938,0.01
7939,0.03
7940,0.05
7941,0.01
7942,0.01
7943,0.01
7944,0.01
7945,0.01
7946,0.03
7947,0.01
7948,0.01
7949,0.01
7950,0.03
7951,0.03
7952,0.03
7953,0.01
7954,0.01
7955,0.05
7956,0.03
7957,0.01
7958,0.03
7959,0.03
7960,0.03
7961,0.01
7962,0.01
7963,0.03
7964,0.05
7965,0.01
7966,0.03
7967,0.05
7968,0.03
7969,0.03
7970,0.01
7971,0.01
7972,0.03
7973,0.01
7974,0.01
7975,0.01
7976,0.03
7977,0.01
7978,0.01
7979,0.03
7980,0.03
7981,0.03
7982,0.03
7983,0.03
7984,0.01
7985,0.03
7986,0.01
7987,0.03
7988,0.01
7989,0.03
7990,0.03
7991,0.03
7992,0.03
7993,0.01
7994,0.03
7995,0.03
7996,0.01
7997,0.01
7998,0.01
7999,0.01
8000,0.03
8001,0.01
8002,0.01
8003,0.01
8004,0.05
8005,0.03
8006,0.01
8007,0.01
8008,0.01
8009,0.01
8010,0.01
8011,0.07
8012,0.03
8013,0.01
8014,0.01
8015,0.03
8016,0.03
8017,0.03
8018,0.01
8019,0.01
8020,0.01
8021,0.03
8022,0.01
8023,0.01
8024,0.03
8025,0.01
8026,0.03
8027,0.01
8028,0.01
8029,0.05
8030,0.03
8031,0.01
8032,0.07
8033,0.03
8034,0.03
8035,0.05
8036,
8037,0.01
8038,0.01
8039,0.01
8040,0.01
8041,0.03
8042,0.03
8043,0.01
8044,0.01
8045,0.03
8046,0.01
8047,0.01
8048,0.01
8049,0.01
8050,0.01
8051,0.03
8052,0.03
8053,0.01
8054,0.01
8055,0.01
8056,0.01
8057,0.03
8058,0.03
8059,0.03
8060,0.07
8061,0.07
8062,0.03
8063,0.03
8064,0.03
8065,0.01
8066,0.01
8067,0.01
8068,0.05
8069,0.03
8070,0.01
8071,0.01
8072,0.01
8073,0.01
8074,0.07
8075,0.07
8076,0.01
8077,0.01
8078,0.01
8079,0.01
8080,0.01
8081,0.01
8082,0.03
8083,0.03
8084,0.03
8085,0.01
8086,0.01
8087,0.01
8088,0.03
8089,0.01
8090,0.01
8091,0.01
8092,0.01
8093,0.03
8094,0.01
8095,0.03
8096,0.01
8097,0.01
8098,0.05
8099,0.03
8100,0.01
8101,0.01
8102,0.01
8103,0.01
8104,0.01
8105,0.03
8106,0.01
8107,0.05
8108,0.01
8109,0.01
8110,0.01
8111,0.03
8112,0.01
8113,0.03
8114,0.01
8115,0.01
8116,0.03
8117,0.01
8118,0.03
8119,0.03
8120,0.03
8121,0.03
8122,0.03
8123,0.03
8124,0.03
8125,0.01
8126,0.03
8127,0.01
8128,0.03
8129,0.03
8130,0.01
8131,0.03
8132,0.03
8133,0.01
8134,0.03
8135,0.01
8136,0.03
8137,0.01
8138,0.01
8139,0.01
8140,0.01
8141,0.01
8142,0.03
8143,0.01
8144,0.03
8145,0.01
8146,0.03
8147,0.01
8148,0.05
8149,0.03
8150,0.03
8151,0.03
8152,0.03
8153,0.03
8154,0.01
8155,0.05
8156,0.01
8157,0.03
8158,0.01
8159,0.03
8160,0.03
8161,0.01
8162,0.01
8163,0.01
8164,0.03
8165,0.01
8166,0.01
8167,0.01
8168,0.01
8169,0.01
8170,0.03
8171,0.03
8172,0.01
8173,0.03
8174,0.03
8175,0.01
8176,0.01
8177,0.01
8178,0.01
8179,0.03
8180,0.05
8181,0.03
8182,0.03
8183,0.03
8184,0.01
8185,0.01
8186,0.03
8187,0.03
8188,0.03
8189,0.01
8190,0.01
8191,0.01
8192,0.01
8193,0.03
8194,0.03
8195,0.01
8196,0.01
8197,0.01
8198,0.01
8199,0.03
8200,0.01
8201,0.01
8202,0.01
8203,0.03
8204,0.03
8205,0.05
8206,0.01
8207,0.01
8208,0.01
8209,0.01
8210,0.01
8211,0.03
8212,0.03
8213,0.01
8214,0.03
8215,0.01
8216,0.01
8217,0.01
8218,0.01
8219,0.01
8220,0.03
8221,0.01
8222,0.01
8223,0.01
8224,0.01
8225,0.01
8226,0.03
8227,0.05
8228,
8229,0.05
8230,0.05
8231,0.03
8232,0.01
8233,0.01
8234,0.01
8235,0.01
8236,0.03
8237,0.03
8238,0.01
8239,0.01
8240,0.01
8241,0.03
8242,0.03
8243,0.01
8244,0.03
8245,0.01
8246,0.01
8247,0.01
8248,0.01
8249,0.01
8250,0.03
8251,0.03
8252,0.01
8253,0.03
8254,0.01
8255,0.01
8256,0.03
8257,0.01
8258,0.01
8259,0.01
8260,0.03
8261,0.03
8262,0.01
8263,0.01
8264,0.03
8265,0.05
8266,0.07
8267,0.05
8268,0.01
8269,0.03
8270,0.01
8271,0.01
8272,0.03
8273,0.01
8274,0.01
8275,0.03
8276,0.05
8277,0.03
8278,0.01
8279,0.01
8280,0.03
8281,0.03
8282,0.01
8283,0.01
8284,0.01
8285,0.01
8286,0.01
8287,0.03
8288,0.01
8289,0.01
8290,0.03
8291,0.01
8292,0.01
8293,0.01
8294,0.01
8295,0.01
8296,0.01
8297,0.01
8298,0.03
8299,0.03
8300,0.05
8301,0.01
8302,0.03
8303,0.03
8304,0.03
8305,0.01
8306,0.01
8307,0.01
8308,0.01
8309,0.01
8310,0.03
8311,0.03
8312,0.01
8313,0.05
8314,0.05
8315,0.01
8316,0.05
8317,0.01
8318,0.03
8319,0.01
8320,0.03
8321,0.01
8322,0.01
8323,0.05
8324,0.01
8325,0.03
8326,0.01
8327,0.03
8328,0.03
8329,0.03
8330,0.03
8331,0.01
8332,0.01
8333,0.01
8334,0.01
8335,0.01
8336,0.03
8337,0.01
8338,0.01
8339,0.03
8340,0.01
8341,0.03
8342,0.01
8343,0.01
8344,0.01
8345,0.01
8346,0.03
8347,0.05
8348,0.03
8349,0.01
8350,0.01
8351,0.03
8352,0.03
8353,0.01
8354,0.01
8355,0.01
8356,0.01
8357,0.01
8358,0.01
8359,0.01
8360,0.01
8361,0.01
8362,0.01
8363,0.01
8364,0.01
8365,0.03
8366,0.03
8367,0.01
8368,0.01
8369,0.03
8370,0.01
8371,0.05
8372,
8373,0.03
8374,0.01
8375,0.01
8376,0.01
8377,0.01
8378,0.01
8379,0.01
8380,0.01
8381,0.03
8382,0.03
8383,0.01
8384,0.01
8385,0.03
8386,0.01
8387,0.03
8388,0.01
8389,0.01
8390,0.01
8391,0.03
8392,0.01
8393,0.01
8394,0.03
8395,0.07
8396,0.07
8397,0.07
8398,0.05
8399,0.05
8400,0.03
8401,0.01
8402,0.01
8403,0.01
8404,0.01
8405,0.03
8406,0.03
8407,0.01
8408,0.01
8409,0.05
8410,
8411,0.05
8412,0.03
8413,0.01
8414,0.01
8415,0.01
8416,0.03
8417,0.01
8418,0.01
8419,0.05
8420,0.03
8421,0.01
8422,0.05
8423,0.03
8424,0.01
8425,0.01
8426,0.01
8427,0.01
8428,0.01
8429,0.01
8430,0.01
8431,0.01
8432,0.03
8433,0.05
8434,
8435,0.03
8436,0.01
8437,0.03
8438,0.01
8439,0.01
8440,0.01
8441,0.03
8442,0.01
8443,0.05
8444,0.07
8445,0.01
8446,0.03
8447,0.05
8448,0.01
8449,0.01
8450,0.01
8451,0.01
8452,0.01
8453,0.01
8454,0.03
8455,0.01
8456,0.03
8457,0.03
8458,
8459,0.03
8460,0.01
8461,0.01
8462,0.01
8463,0.01
8464,0.01
8465,0.01
8466,0.01
8467,0.07
8468,0.05
8469,0.03
8470,0.03
8471,0.03
8472,0.03
8473,0.01
8474,0.01
8475,0.03
8476,0.01
8477,0.03
8478,0.03
8479,0.01
8480,0.03
8481,0.01
8482,0.03
8483,0.01
8484,0.01
8485,0.01
8486,0.03
8487,0.01
8488,0.03
8489,0.03
8490,0.03
8491,0.01
8492,0.01
8493,0.01
8494,0.03
8495,0.03
8496,0.03
8497,0.03
8498,0.03
8499,0.05
8500,0.01
8501,0.01
8502,0.01
8503,0.01
8504,0.01
8505,0.01
8506,0.03
8507,0.07
8508,0.05
8509,0.01
8510,0.01
8511,0.01
8512,0.01
8513,0.03
8514,0.03
8515,0.03
8516,0.07
8517,0.03
8518,0.01
8519,0.03
8520,0.05
8521,0.01
8522,0.01
8523,0.01
8524,0.01
8525,0.03
8526,0.01
8527,0.01
8528,0.01
8529,0.01
8530,0.03
8531,0.01
8532,0.01
8533,0.03
8534,0.01
8535,0.03
8536,0.03
8537,0.01
8538,0.03
8539,0.03
8540,0.07
8541,0.03
8542,0.03
8543,0.01
8544,0.03
8545,0.03
8546,0.01
8547,0.01
8548,0.01
8549,0.05
8550,0.05
8551,0.01
8552,0.05
8553,0.05
8554,0.01
8555,0.01
8556,0.03
8557,0.01
8558,0.03
8559,0.03
8560,0.03
8561,0.03
8562,0.03
8563,0.01
8564,0.05
8565,0.05
8566,0.05
8567,0.05
8568,0.01
8569,0.01
8570,0.01
8571,0.05
8572,0.03
8573,0.03
8574,0.01
8575,0.03
8576,0.03
8577,0.01
8578,0.03
8579,0.05
8580,0.01
8581,0.03
8582,0.03
8583,0.01
8584,0.01
8585,0.03
8586,0.03
8587,0.01
8588,0.01
8589,0.01
8590,0.03
8591,0.03
8592,0.01
8593,0.01
8594,0.01
8595,0.01
8596,0.01
8597,0.03
8598,0.01
8599,0.01
8600,0.03
8601,0.03
8602,0.07
8603,0.03
8604,0.01
8605,0.01
8606,0.01
8607,0.01
8608,0.01
8609,0.03
8610,0.03
8611,0.01
8612,
8613,0.01
8614,0.01
8615,0.01
8616,0.01
8617,0.01
8618,0.01
8619,0.01
8620,0.01
8621,0.01
8622,0.01
8623,0.03
8624,0.01
8625,0.03
8626,0.03
8627,0.03
8628,0.01
8629,0.01
8630,0.01
8631,0.01
8632,0.01
8633,0.03
8634,0.03
8635,0.03
8636,0.07
8637,0.01
8638,0.01
8639,0.01
8640,0.01
8641,0.01
8642,0.01
8643,0.01
8644,0.01
8645,0.03
8646,0.01
8647,0.01
8648,0.03
8649,0.01
8650,0.01
8651,0.01
8652,0.03
8653,0.03
8654,0.03
8655,0.01
8656,0.03
8657,0.01
8658,0.01
8659,0.01
8660,0.01
8661,0.03
8662,0.01
8663,0.03
8664,0.03
8665,0.01
8666,0.03
8667,0.01
8668,0.01
8669,0.03
8670,0.01
8671,0.01
8672,0.03
8673,0.03
8674,0.03
8675,0.01
8676,0.03
8677,0.01
8678,0.01
8679,0.05
8680,0.03
8681,0.03
8682,0.03
8683,0.05
8684,0.05
8685,0.01
8686,0.03
8687,0.01
8688,0.01
8689,0.03
8690,0.01
8691,0.01
8692,0.01
8693,0.01
8694,0.03
8695,0.01
8696,0.03
8697,0.01
8698,0.01
8699,0.03
8700,0.05
8701,0.01
8702,0.01
8703,0.01
8704,0.03
8705,0.07
8706,0.03
8707,0.03
8708,0.05
8709,0.03
8710,0.01
8711,0.03
8712,0.01
8713,0.01
8714,0.01
8715,0.01
8716,0.03
8717,0.01
8718,0.01
8719,0.01
8720,0.01
8721,0.03
8722,0.05
8723,0.01
8724,0.03
8725,0.01
8726,0.01
8727,0.01
8728,0.03
8729,0.01
8730,0.01
8731,0.01
8732,0.05
8733,0.03
8734,0.03
8735,0.03
8736,0.03
8737,0.03
8738,0.01
8739,0.03
8740,0.03
8741,0.03
8742,0.01
8743,0.01
8744,0.03
8745,0.01
8746,
8747,0.05
8748,0.01
8749,0.05
8750,0.05
8751,0.01
8752,0.01
8753,0.01
8754,0.01
8755,0.05
8756,0.05
8757,0.03
8758,0.05
